Node,X,Y,Z,Subnodes,Neighbor_Nodes,Bars,Physical_Bars,Physical_Nodes,Ground
LID,-75.29686741,66.12933398,-99.65481637,LID-3,AIM_BOX_EGO_HUG_WAX,AIM-LID_BOX-LID_EGO-LID_HUG-LID_LID-WAX,AIM-LID-3_EGO-LID-3_LID-WAX-3_BOX-LID-4_HUG-LID-4,AIM-3_EGO-3_WAX-3_BOX-4_HUG-4,1
LIE,25.37320059,-71.04085602,52.34109163,LIE-13_LIE-11_LIE-14,EAR_FAX_LAW_TAU,EAR-LIE_FAX-LIE_LAW-LIE_LIE-TAU,EAR-LIE-11_FAX-LIE-11_LIE-TAU-13_LAW-LIE-14_LIE-TAU-14,EAR-11_FAX-11_TAU-13_LAW-14_TAU-14,0
SIP,-28.66803741,143.011165,-69.18081237,SIP-3,HEX_MAY_RUM_WAX,HEX-SIP_MAY-SIP_RUM-SIP_SIP-WAX,HEX-SIP-3_MAY-SIP-3_RUM-SIP-3_SIP-WAX-3,HEX-3_MAY-3_RUM-3_WAX-3,1
BOY,108.4197686,11.93373498,-68.75523137,BOY-2,BAH_FOX_ETA_CIS_ORC,BAH-BOY_BOY-FOX_BOY-ETA_BOY-CIS_BOY-ORC,BAH-BOY-2_BOY-FOX-2_BOY-ETA-2_BOY-CIS-2_BOY-ORC-2,BAH-2_FOX-2_ETA-2_CIS-2_ORC-2,0
PAY,104.2987506,-39.62004702,-34.32920937,PAY-8,ETA_JAR_LUG_WHY_WIN,ETA-PAY_JAR-PAY_LUG-PAY_PAY-WHY_PAY-WIN,ETA-PAY-8_JAR-PAY-8_LUG-PAY-8_PAY-WHY-8_PAY-WIN-8,ETA-8_JAR-8_LUG-8_WHY-8_WIN-8,0
AGE,-90.54446141,-39.40249202,-41.39540837,AGE-9,KIT_BED_CHI_BAR_ELK,AGE-KIT_AGE-BED_AGE-CHI_AGE-BAR_AGE-ELK,AGE-KIT-9_AGE-BED-9_AGE-CHI-9_AGE-BAR-9_AGE-ELK-9,KIT-9_BED-9_CHI-9_BAR-9_ELK-9,0
OAK,18.45301759,-148.691116,-31.06690737,OAK-10,CAB_FOR_GET_ROB,CAB-OAK_FOR-OAK_GET-OAK_OAK-ROB,CAB-OAK-10_FOR-OAK-10_GET-OAK-10_OAK-ROB-10,CAB-10_FOR-10_GET-10_ROB-10,1
EON,62.85992059,51.31187898,48.11208163,EON-7,AHI_BRO_YES_POP_NIL_TOY,AHI-EON_BRO-EON_EON-YES_EON-POP_EON-NIL_EON-TOY,AHI-EON-7_BRO-EON-7_EON-YES-7_EON-POP-7_EON-NIL-7_EON-TOY-7,AHI-7_BRO-7_YES-7_POP-7_NIL-7_TOY-7,0
MIX,-82.31358541,116.370628,-59.92703137,MIX-3,AGO_AIM_HEX_OAR_WAX,AGO-MIX_AIM-MIX_HEX-MIX_MIX-OAR_MIX-WAX,AGO-MIX-3_AIM-MIX-3_HEX-MIX-3_MIX-OAR-3_MIX-WAX-3,AGO-3_AIM-3_HEX-3_OAR-3_WAX-3,0
EGO,-99.14678941,74.90171698,-80.80211637,EGO-3,AIM_BOX_GYM_LID_OAR,AIM-EGO_BOX-EGO_EGO-GYM_EGO-LID_EGO-OAR,AIM-EGO-3_EGO-GYM-3_EGO-LID-3_EGO-OAR-3_BOX-EGO-4,AIM-3_GYM-3_LID-3_OAR-3_BOX-4,0
OAR,-102.5536564,87.41918798,-42.43610337,OAR-3,AGO_EGO_GYM_MIX_MOM,AGO-OAR_EGO-OAR_GYM-OAR_MIX-OAR_MOM-OAR,AGO-OAR-3_EGO-OAR-3_GYM-OAR-3_MIX-OAR-3_MOM-OAR-3,AGO-3_EGO-3_GYM-3_MIX-3_MOM-3,0
BOA,-4.902155406,113.990935,32.01739663,BOA-5,REF_WAR_SHY_NAY,BOA-REF_BOA-WAR_BOA-SHY_BOA-NAY,BOA-REF-5_BOA-WAR-5_BOA-SHY-5_BOA-NAY-5,REF-5_WAR-5_SHY-5_NAY-5,0
NAY,-14.06673741,88.98864298,50.76425863,NAY-5,BOA_FUN_JOB,BOA-NAY_FUN-NAY_JOB-NAY,BOA-NAY-5_FUN-NAY-5_JOB-NAY-5,BOA-5_FUN-5_JOB-5,0
EGG,4.830568594,-149.573482,21.92542263,EGG-10,ALL_RUG_PIG_FOR_MOO,ALL-EGG_EGG-RUG_EGG-PIG_EGG-FOR_EGG-MOO,ALL-EGG-10_EGG-RUG-10_EGG-PIG-10_EGG-FOR-10_EGG-MOO-10,ALL-10_RUG-10_PIG-10_FOR-10_MOO-10,0
SAW,77.17590359,-85.93446502,-36.31063437,SAW-8,AMP_HAY_JAR_PHI_WHY,AMP-SAW_HAY-SAW_JAR-SAW_PHI-SAW_SAW-WHY,AMP-SAW-8_HAY-SAW-8_JAR-SAW-8_PHI-SAW-8_SAW-WHY-8,AMP-8_HAY-8_JAR-8_PHI-8_WHY-8,0
TAT,-57.91414741,-66.76327302,-74.08673237,TAT-9,COP_ELK_ONO_SIR_USE,COP-TAT_ELK-TAT_ONO-TAT_SIR-TAT_TAT-USE,COP-TAT-9_ELK-TAT-9_ONO-TAT-9_SIR-TAT-9_TAT-USE-9,COP-9_ELK-9_ONO-9_SIR-9_USE-9,1
SPY,57.90937859,124.876711,-41.34419237,SPY-1,ELF_LEG_NIX_RAW,ELF-SPY_LEG-SPY_NIX-SPY_RAW-SPY,ELF-SPY-1_LEG-SPY-1_NIX-SPY-1_RAW-SPY-1,ELF-1_LEG-1_NIX-1_RAW-1,0
RAD,45.56589559,135.015985,-17.33008237,RAD-1,BIO_GAL_OVA_PIE,BIO-RAD_GAL-RAD_OVA-RAD_PIE-RAD,BIO-RAD-1_GAL-RAD-1_OVA-RAD-1_PIE-RAD-1,BIO-1_GAL-1_OVA-1_PIE-1,0
ACE,82.95430959,41.79066798,19.02546163,ACE-7,BRO_EYE_NOM_HIT,ACE-BRO_ACE-EYE_ACE-NOM_ACE-HIT,ACE-BRO-7_ACE-EYE-7_ACE-NOM-7_ACE-HIT-7,BRO-7_EYE-7_NOM-7_HIT-7,0
TAR,68.02249859,-76.41374802,-8.592402372,TAR-8_TAR-11,KEG_PHI_SEX_WHY_WAS,KEG-TAR_PHI-TAR_SEX-TAR_TAR-WHY_TAR-WAS,KEG-TAR-11_PHI-TAR-11_TAR-WAS-11_KEG-TAR-8_PHI-TAR-8_SEX-TAR-8_TAR-WHY-8,KEG-11_PHI-11_WAS-11_KEG-8_PHI-8_SEX-8_WHY-8,0
JOY,84.05906559,108.367809,-32.10448937,JOY-1,BIO_DIG_RAW,BIO-JOY_DIG-JOY_JOY-RAW,BIO-JOY-1_JOY-RAW-1_DIG-JOY-2,BIO-1_RAW-1_DIG-2,0
PRO,-20.54790941,-114.716143,50.09094763,PRO-13,ALL_HOT_PIG_YAK,ALL-PRO_HOT-PRO_PIG-PRO_PRO-YAK,HOT-PRO-13_PIG-PRO-13_PRO-YAK-13_ALL-PRO-10,HOT-13_PIG-13_YAK-13_ALL-10,0
PAW,-113.3547044,18.42387798,-36.97350437,PAW-4,CUP_DAY_DOG_SAY_VAN,CUP-PAW_DAY-PAW_DOG-PAW_PAW-SAY_PAW-VAN,CUP-PAW-4_DAY-PAW-4_DOG-PAW-4_PAW-SAY-4_PAW-VAN-4,CUP-4_DAY-4_DOG-4_SAY-4_VAN-4,0
TAX,-96.35106441,69.70448498,-14.31714737,TAX-4_TAX-3,FLY_GIN_MOM_SAY,FLY-TAX_GIN-TAX_MOM-TAX_SAY-TAX,FLY-TAX-3_MOM-TAX-3_GIN-TAX-4_SAY-TAX-4,FLY-3_MOM-3_GIN-4_SAY-4,0
PIE,18.90968059,136.201273,-30.11467737,PIE-1,GAL_NIX_OVA_RAD_RUM,GAL-PIE_NIX-PIE_OVA-PIE_PIE-RAD_PIE-RUM,GAL-PIE-1_NIX-PIE-1_OVA-PIE-1_PIE-RAD-1_PIE-RUM-1,GAL-1_NIX-1_OVA-1_RAD-1_RUM-5,1
SAD,-46.30678341,-142.987594,11.08167163,SAD-10,ALL_GOO_HIP_KEY_WOW,ALL-SAD_GOO-SAD_HIP-SAD_KEY-SAD_SAD-WOW,ALL-SAD-10_GOO-SAD-10_HIP-SAD-10_SAD-WOW-10_KEY-SAD-9,ALL-10_GOO-10_HIP-10_WOW-10_KEY-9,0
RAW,76.51529459,115.720687,-61.04676337,RAW-1,FRO_JOY_LEG_SPY,FRO-RAW_JOY-RAW_LEG-RAW_RAW-SPY,FRO-RAW-1_JOY-RAW-1_LEG-RAW-1_RAW-SPY-1,FRO-1_JOY-1_LEG-1_SPY-1,0
SAY,-108.8266474,31.44797198,-6.289134372,SAY-4,PAW_TAX_WIZ_ZIG,PAW-SAY_SAY-TAX_SAY-WIZ_SAY-ZIG,PAW-SAY-4_SAY-TAX-4_SAY-WIZ-4_SAY-ZIG-4,PAW-4_TAX-4_WIZ-4_ZIG-4,0
TAG,101.8871626,36.89463698,-54.28216537,TAG-2,CIS_DUI_FOX_ORC_TUB,CIS-TAG_DUI-TAG_FOX-TAG_ORC-TAG_TAG-TUB,CIS-TAG-2_DUI-TAG-2_FOX-TAG-2_ORC-TAG-2_TAG-TUB-2,CIS-2_DUI-2_FOX-2_ORC-2_TUB-2,0
DRY,-56.95802341,99.52146798,25.78648963,DRY-5,REF_SHY_FLY_FUN,DRY-REF_DRY-SHY_DRY-FLY_DRY-FUN,DRY-REF-5_DRY-SHY-5_DRY-FLY-5_DRY-FUN-5,REF-5_SHY-5_FLY-5_FUN-5,0
RIB,0.777001594,-2.205857017,78.78930963,RIB-6_RIB-14,ERA_FOG_IRE_JUG_SOY,ERA-RIB_FOG-RIB_IRE-RIB_JUG-RIB_RIB-SOY,ERA-RIB-14_FOG-RIB-14_IRE-RIB-14_ERA-RIB-6_FOG-RIB-6_JUG-RIB-6_RIB-SOY-6,ERA-14_FOG-14_IRE-14_ERA-6_FOG-6_JUG-6_SOY-6,0
TUX,108.4933236,-15.46935902,-22.75135137,TUX-2_TUX-8,FOX_GAS,FOX-TUX_GAS-TUX,FOX-TUX-2_GAS-TUX-11,FOX-2_GAS-11,0
OFF,79.07137459,60.63561298,-81.79092937,OFF-2,ASK_CIS_FRO_GUN_WHO,ASK-OFF_CIS-OFF_FRO-OFF_GUN-OFF_OFF-WHO,ASK-OFF-2_CIS-OFF-2_GUN-OFF-2_FRO-OFF-1_OFF-WHO-2,ASK-2_CIS-2_GUN-2_FRO-1_WHO-1,1
HAM,-78.12024741,6.428795983,43.02018763,HAM-6,ACT_ASH_LAX_ZZZ_ICE,ACT-HAM_ASH-HAM_HAM-LAX_HAM-ZZZ_HAM-ICE,ACT-HAM-6_HAM-LAX-6_HAM-ZZZ-6_HAM-ICE-6_ASH-HAM-12,ACT-6_LAX-6_ZZZ-6_ICE-6_ASH-12,0
CHI,-102.5418844,-38.04451102,-16.48294537,CHI-9,AGE_BED_MAD_COY_DOG,AGE-CHI_BED-CHI_CHI-MAD_CHI-COY_CHI-DOG,AGE-CHI-9_BED-CHI-9_CHI-COY-9_CHI-DOG-9_CHI-MAD-9,AGE-9_BED-9_COY-9_DOG-9_MAD-12,0
FIX,74.09911959,-9.163696017,23.39753763,FIX-7_FIX-11,AIR_MAC_ODD_GAS_LUG,AIR-FIX_FIX-MAC_FIX-ODD_FIX-GAS_FIX-LUG,AIR-FIX-11_FIX-MAC-11_FIX-ODD-11_FIX-GAS-11_FIX-LUG-11_FIX-MAC-7,AIR-11_MAC-11_ODD-11_GAS-11_LUG-11_MAC-7,0
JAR,84.01051459,-54.19003002,-46.44022937,JAR-8,HAY_WIN_PAY_YAY_SAW,HAY-JAR_JAR-WIN_JAR-PAY_JAR-YAY_JAR-SAW,HAY-JAR-8_JAR-WIN-8_JAR-PAY-8_JAR-YAY-8_JAR-SAW-8,HAY-8_WIN-8_PAY-8_YAY-8_SAW-8,0
GIG,41.95506859,-21.83033602,51.21567163,GIG-14_GIG-11,COW_ERA_IRE_YES_LAW,COW-GIG_ERA-GIG_GIG-IRE_GIG-YES_GIG-LAW,COW-GIG-11_ERA-GIG-14_GIG-IRE-14_GIG-LAW-14_GIG-YES-14,COW-11_ERA-14_IRE-14_LAW-14_YES-7,0
ZIG,-112.1824644,49.38235198,-30.73944437,ZIG-4,DAY_GYM_SAY,DAY-ZIG_GYM-ZIG_SAY-ZIG,DAY-ZIG-4_GYM-ZIG-4_SAY-ZIG-4,DAY-4_GYM-4_SAY-4,0
JAM,30.08529959,-105.085851,49.11054163,JAM-13_JAM-11,HOT_ZOO_MOO,HOT-JAM_JAM-ZOO_JAM-MOO,JAM-ZOO-11_HOT-JAM-13_JAM-MOO-13,ZOO-11_HOT-13_MOO-10,0
FIG,-68.95094441,-94.26845802,33.62420063,FIG-12,ART_KEY_NOR_YAK,ART-FIG_FIG-KEY_FIG-NOR_FIG-YAK,ART-FIG-12_FIG-KEY-12_FIG-NOR-12_FIG-YAK-12,ART-12_KEY-12_NOR-12_YAK-12,0
WET,55.73786259,71.53245898,30.98683663,WET-1_WET-7,ARM_BRO_DUB_NIL_YES,ARM-WET_BRO-WET_DUB-WET_NIL-WET_WET-YES,ARM-WET-1_DUB-WET-1_BRO-WET-7_NIL-WET-7_WET-YES-7,ARM-1_DUB-1_BRO-7_NIL-7_YES-7,0
GIN,-90.01991741,31.45906698,17.70368663,GIN-6_GIN-4,BED_DAY_WIZ_TAX_ICE,BED-GIN_DAY-GIN_GIN-WIZ_GIN-TAX_GIN-ICE,BED-GIN-4_DAY-GIN-4_GIN-WIZ-4_GIN-TAX-4_GIN-ICE-4_GIN-ICE-6,BED-4_DAY-4_WIZ-4_TAX-4_ICE-4_ICE-6,0
LAM,-49.51198841,-46.33818502,61.93299363,LAM-12,ACT_ASH_BUG_TAU_TRY,ACT-LAM_ASH-LAM_BUG-LAM_LAM-TAU_LAM-TRY,ACT-LAM-12_ASH-LAM-12_BUG-LAM-12_LAM-TAU-12_LAM-TRY-12,ACT-12_ASH-12_BUG-12_TAU-6_TRY-6,0
PHI,72.03006459,-102.675703,5.518761628,PHI-11_PHI-8,GEL_TAR_WAS_SEX_SAW,GEL-PHI_PHI-TAR_PHI-WAS_PHI-SEX_PHI-SAW,PHI-TAR-11_PHI-WAS-11_PHI-TAR-8_PHI-SEX-8_PHI-SAW-8_GEL-PHI-10,TAR-11_WAS-11_TAR-8_SEX-8_SAW-8_GEL-10,0
OIL,-55.28968041,101.814954,-2.314150372,OIL-3_OIL-5,ALA_FLY_GUT_INK,ALA-OIL_FLY-OIL_GUT-OIL_INK-OIL,ALA-OIL-3_FLY-OIL-3_GUT-OIL-3_INK-OIL-3_FLY-OIL-5,ALA-3_FLY-3_GUT-3_INK-3_FLY-5,0
NIL,25.22632359,54.72796798,52.16379663,NIL-5_NIL-7,EON_ERA_TOY_WET_YES,EON-NIL_ERA-NIL_NIL-TOY_NIL-WET_NIL-YES,NIL-TOY-5_EON-NIL-7_ERA-NIL-7_NIL-TOY-7_NIL-WET-7_NIL-YES-7,TOY-5_EON-7_ERA-7_TOY-7_WET-7_YES-7,0
EYE,97.34155959,14.98342398,16.20123563,EYE-7,ACE_GAS_SUN_IVY_POP,ACE-EYE_EYE-GAS_EYE-SUN_EYE-IVY_EYE-POP,ACE-EYE-7_EYE-SUN-7_EYE-IVY-7_EYE-POP-7_EYE-GAS-7,ACE-7_SUN-7_IVY-7_POP-7_GAS-11,0
ELF,42.59283659,109.975758,-1.147938372,ELF-1,ADO_BIO_SPY_WAR_HOW,ADO-ELF_BIO-ELF_ELF-SPY_ELF-WAR_ELF-HOW,BIO-ELF-1_ELF-SPY-1_ELF-WAR-1_ELF-HOW-1_ADO-ELF-5,BIO-1_SPY-1_WAR-1_HOW-1_ADO-5,0
LEG,53.69602259,137.684574,-68.68453837,LEG-1,OVA_SPY_WHO_RAW_NIX,LEG-OVA_LEG-SPY_LEG-WHO_LEG-RAW_LEG-NIX,LEG-OVA-1_LEG-SPY-1_LEG-WHO-1_LEG-RAW-1_LEG-NIX-1,OVA-1_SPY-1_WHO-1_RAW-1_NIX-1,0
LAB,-37.12603241,-72.32935502,62.35637563,LAB-13_LAB-12,YAK_ZAP_OLD,LAB-YAK_LAB-ZAP_LAB-OLD,LAB-YAK-13_LAB-ZAP-13_LAB-OLD-13_LAB-YAK-12,YAK-13_ZAP-13_OLD-13_YAK-12,0
KIT,-93.70142841,-68.56138902,-19.98796437,KIT-9,AGE_ART_NOR_ONO,AGE-KIT_ART-KIT_KIT-NOR_KIT-ONO,AGE-KIT-9_KIT-NOR-9_KIT-ONO-9_ART-KIT-12,AGE-9_NOR-9_ONO-9_ART-12,0
MAY,-42.89736841,147.070363,-46.28103337,MAY-3,HEX_INK_SIP,HEX-MAY_INK-MAY_MAY-SIP,HEX-MAY-3_INK-MAY-3_MAY-SIP-3,HEX-3_INK-3_SIP-3,0
NIX,19.61778759,146.65104,-71.21173037,NIX-1,LEG_SPY_OVA_WHO_PIE,LEG-NIX_NIX-SPY_NIX-OVA_NIX-WHO_NIX-PIE,LEG-NIX-1_NIX-SPY-1_NIX-OVA-1_NIX-WHO-1_NIX-PIE-1,LEG-1_SPY-1_OVA-1_WHO-1_PIE-1,1
OVA,37.55681159,148.781207,-44.57590737,OVA-1,LEG_NIX_PIE_RAD,LEG-OVA_NIX-OVA_OVA-PIE_OVA-RAD,LEG-OVA-1_NIX-OVA-1_OVA-PIE-1_OVA-RAD-1,LEG-1_NIX-1_PIE-1_RAD-1,0
LAX,-79.20396241,-13.41357102,26.66345463,LAX-6_LAX-12,BUG_HAM_ICE_MAD_NAN,BUG-LAX_HAM-LAX_ICE-LAX_LAX-MAD_LAX-NAN,BUG-LAX-12_LAX-MAD-12_HAM-LAX-6_ICE-LAX-6_LAX-NAN-6,BUG-12_MAD-12_HAM-6_ICE-6_NAN-6,0
MAD,-97.55815141,-29.18252802,13.65649863,MAD-12,ART_CHI_COY_ICE_LAX,ART-MAD_CHI-MAD_COY-MAD_ICE-MAD_LAX-MAD,ART-MAD-12_COY-MAD-12_LAX-MAD-12_CHI-MAD-9_ICE-MAD-6,ART-12_COY-12_LAX-12_CHI-9_ICE-6,0
BOX,-102.3783024,45.64410998,-89.24967437,BOX-4,HUG_LID_EGO_VAN,BOX-HUG_BOX-LID_BOX-EGO_BOX-VAN,BOX-HUG-4_BOX-VAN-4_BOX-LID-4_BOX-EGO-4,HUG-4_VAN-4_LID-3_EGO-3,1
AGO,-77.59085641,99.85877998,-32.02837637,AGO-3,ALA_MIX_OAR_MOM_FLY,AGO-ALA_AGO-MIX_AGO-OAR_AGO-MOM_AGO-FLY,AGO-ALA-3_AGO-MIX-3_AGO-OAR-3_AGO-MOM-3_AGO-FLY-3,ALA-3_MIX-3_OAR-3_MOM-3_FLY-3,0
YES,54.23545259,26.39750798,41.98318563,YES-7,EON_GIG_NIL_WET,EON-YES_GIG-YES_NIL-YES_WET-YES,EON-YES-7_NIL-YES-7_WET-YES-7_GIG-YES-14,EON-7_NIL-7_WET-7_GIG-14,0
LAW,10.22523459,-26.85873602,65.73183363,LAW-14,FOG_GIG_IRE_LIE,FOG-LAW_GIG-LAW_IRE-LAW_LAW-LIE,FOG-LAW-14_GIG-LAW-14_IRE-LAW-14_LAW-LIE-14,FOG-14_GIG-14_IRE-14_LIE-14,0
ZAP,-18.45769141,-88.78774802,49.77636063,ZAP-13,BUG_LAB_PIG_TAU_YAK,BUG-ZAP_LAB-ZAP_PIG-ZAP_TAU-ZAP_YAK-ZAP,LAB-ZAP-13_PIG-ZAP-13_TAU-ZAP-13_YAK-ZAP-13_BUG-ZAP-12,LAB-13_PIG-13_TAU-13_YAK-13_BUG-12,0
FLY,-82.18924841,94.36766498,1.048107628,FLY-3_FLY-5,AGO_ALA_DRY_OIL_TAX,AGO-FLY_ALA-FLY_DRY-FLY_FLY-OIL_FLY-TAX,AGO-FLY-3_ALA-FLY-3_FLY-OIL-3_FLY-TAX-3_DRY-FLY-5_FLY-OIL-5,AGO-3_ALA-3_OIL-3_TAX-3_DRY-5_OIL-5,0
AHI,39.02183059,34.45504998,64.71688063,AHI-7,ERA_EON,AHI-ERA_AHI-EON,AHI-ERA-7_AHI-EON-7,ERA-7_EON-7,0
LUG,87.02662859,-36.21138802,-5.755776372,LUG-11_LUG-8,FIX_KEG_PAY_WHY,FIX-LUG_KEG-LUG_LUG-PAY_LUG-WHY,FIX-LUG-11_KEG-LUG-11_KEG-LUG-8_LUG-PAY-8_LUG-WHY-8,FIX-11_KEG-11_KEG-8_PAY-8_WHY-8,0
FLU,-106.7256264,-7.093324017,-80.89485437,FLU-4,BAR_HUG_SIR_VAN,BAR-FLU_FLU-HUG_FLU-SIR_FLU-VAN,BAR-FLU-4_FLU-HUG-4_FLU-VAN-4_FLU-SIR-4,BAR-4_HUG-4_VAN-4_SIR-9,1
GUN,80.21752159,86.71068098,-50.51652737,GUN-1_GUN-2,DIG_FRO_WHO_OFF_TUB,DIG-GUN_FRO-GUN_GUN-WHO_GUN-OFF_GUN-TUB,FRO-GUN-1_GUN-WHO-1_DIG-GUN-2_GUN-OFF-2_GUN-TUB-2,FRO-1_WHO-1_DIG-2_OFF-2_TUB-2,0
BED,-94.74560041,-9.822877017,-9.187424372,BED-12_BED-9_BED-4,AGE_ICE_GIN_CHI,AGE-BED_BED-ICE_BED-GIN_BED-CHI,BED-ICE-4_BED-GIN-4_AGE-BED-9_BED-CHI-9,ICE-4_GIN-4_AGE-9_CHI-9,0
GUT,-58.81736041,125.501099,-49.45211537,GUT-3,ALA_INK_HEX_RUM_OIL,ALA-GUT_GUT-INK_GUT-HEX_GUT-RUM_GUT-OIL,ALA-GUT-3_GUT-INK-3_GUT-HEX-3_GUT-RUM-3_GUT-OIL-3,ALA-3_INK-3_HEX-3_RUM-3_OIL-3,0
FUN,-41.77578841,81.21320698,46.46754063,FUN-5,DRY_FAN_NAY_VOW,DRY-FUN_FAN-FUN_FUN-NAY_FUN-VOW,DRY-FUN-5_FUN-NAY-5_FUN-VOW-5_FAN-FUN-6,DRY-5_NAY-5_VOW-5_FAN-6,0
HUG,-93.46122141,17.77017398,-89.94626137,HUG-4,BOX_CUP_FLU_VAN_SIR_LID,BOX-HUG_CUP-HUG_FLU-HUG_HUG-VAN_HUG-SIR_HUG-LID,BOX-HUG-4_CUP-HUG-4_FLU-HUG-4_HUG-VAN-4_HUG-SIR-4_HUG-LID-4,BOX-4_CUP-4_FLU-4_VAN-4_SIR-9_LID-3,1
SIR,-85.17058541,-36.93601502,-81.99597937,SIR-9,CUP_ELK_FLU_HUG_ONO_TAT,CUP-SIR_ELK-SIR_FLU-SIR_HUG-SIR_ONO-SIR_SIR-TAT,ELK-SIR-9_ONO-SIR-9_SIR-TAT-9_CUP-SIR-4_FLU-SIR-4_HUG-SIR-4,ELK-9_ONO-9_TAT-9_CUP-4_FLU-4_HUG-4,1
JUG,-5.433488406,37.92189098,71.05300363,JUG-5_JUG-6,ERA_JOB_PLY_RIB_MOP,ERA-JUG_JOB-JUG_JUG-PLY_JUG-RIB_JUG-MOP,JOB-JUG-5_JUG-PLY-5_ERA-JUG-6_JUG-PLY-6_JUG-RIB-6_JUG-MOP-6,JOB-5_PLY-5_ERA-6_PLY-6_RIB-6_MOP-6,0
GET,-11.22186041,-141.007733,-35.38363137,GET-10,CAB_COP_DAD_FOR_OAK_NEW,CAB-GET_COP-GET_DAD-GET_FOR-GET_GET-OAK_GET-NEW,CAB-GET-10_COP-GET-10_DAD-GET-10_FOR-GET-10_GET-OAK-10_GET-NEW-10,CAB-10_COP-10_DAD-10_FOR-10_OAK-10_NEW-10,1
ROB,41.82992959,-142.516761,-24.93582837,ROB-10,AMP_CAB_DAD_GEL_OAK,AMP-ROB_CAB-ROB_DAD-ROB_GEL-ROB_OAK-ROB,AMP-ROB-10_CAB-ROB-10_DAD-ROB-10_GEL-ROB-10_OAK-ROB-10,AMP-10_CAB-10_DAD-10_GEL-10_OAK-10,0
MAC,68.15962259,1.329739983,49.85057663,MAC-11_MAC-7,AIR_FIX_IRE_POP,AIR-MAC_FIX-MAC_IRE-MAC_MAC-POP,AIR-MAC-11_FIX-MAC-11_FIX-MAC-7_IRE-MAC-7_MAC-POP-7,AIR-11_FIX-11_FIX-7_IRE-7_POP-7,0
AMP,51.99566359,-118.984127,-45.29832237,AMP-8_AMP-10,ROB_YAY_SAW_CAB,AMP-ROB_AMP-YAY_AMP-SAW_AMP-CAB,AMP-ROB-10_AMP-CAB-10_AMP-YAY-8_AMP-SAW-8,ROB-10_CAB-10_YAY-8_SAW-8,1
BUG,-59.09933341,-64.50047202,38.98281863,BUG-12,ACT_LAM_ZAP_LAX_GOO,ACT-BUG_BUG-LAM_BUG-ZAP_BUG-LAX_BUG-GOO,ACT-BUG-12_BUG-LAM-12_BUG-LAX-12_BUG-GOO-12_BUG-ZAP-12,ACT-12_LAM-12_LAX-12_GOO-12_ZAP-13,0
GEL,53.08506359,-136.052756,7.895627628,GEL-10,DAD_EAR_SEX_PHI_ROB,DAD-GEL_EAR-GEL_GEL-SEX_GEL-PHI_GEL-ROB,DAD-GEL-10_EAR-GEL-10_GEL-SEX-10_GEL-ROB-10_GEL-PHI-10,DAD-10_EAR-10_SEX-10_ROB-10_PHI-8,0
FOR,-1.859306406,-159.398511,-11.69254437,FOR-10,EGG_OAK_GET_HIP,EGG-FOR_FOR-OAK_FOR-GET_FOR-HIP,EGG-FOR-10_FOR-OAK-10_FOR-GET-10_FOR-HIP-10,EGG-10_OAK-10_GET-10_HIP-10,0
TAU,-21.30092041,-46.13249602,61.36783063,TAU-14_TAU-13_TAU-6,ACT_LAM_LIE_OLD_ZAP,ACT-TAU_LAM-TAU_LIE-TAU_OLD-TAU_TAU-ZAP,LIE-TAU-13_OLD-TAU-13_TAU-ZAP-13_LIE-TAU-14_OLD-TAU-14_ACT-TAU-6_LAM-TAU-12,LIE-13_OLD-13_ZAP-13_LIE-14_OLD-14_ACT-6_LAM-12,0
SHY,-28.92061941,125.976734,7.891281628,SHY-5,BOA_DRY_HOW_INK,BOA-SHY_DRY-SHY_HOW-SHY_INK-SHY,BOA-SHY-5_DRY-SHY-5_HOW-SHY-5_INK-SHY-3,BOA-5_DRY-5_HOW-5_INK-3,0
WOW,-56.48277041,-131.871081,-17.25148337,WOW-10_WOW-9,GOO_KEY_NEW_SAD_WIG,GOO-WOW_KEY-WOW_NEW-WOW_SAD-WOW_WIG-WOW,GOO-WOW-10_NEW-WOW-10_SAD-WOW-10_KEY-WOW-9_WIG-WOW-9,GOO-10_NEW-10_SAD-10_KEY-9_WIG-9,0
FOX,113.4612856,14.11545098,-39.83334437,FOX-2,BOY_ETA_SKY_TUX_TAG,BOY-FOX_ETA-FOX_FOX-SKY_FOX-TUX_FOX-TAG,BOY-FOX-2_ETA-FOX-2_FOX-SKY-2_FOX-TUX-2_FOX-TAG-2,BOY-2_ETA-2_SKY-2_TUX-2_TAG-2,0
ZOO,53.59552959,-79.92789602,45.84201263,ZOO-11,COW_FAX_JAM_WAS,COW-ZOO_FAX-ZOO_JAM-ZOO_WAS-ZOO,COW-ZOO-11_FAX-ZOO-11_JAM-ZOO-11_WAS-ZOO-11,COW-11_FAX-11_JAM-11_WAS-11,0
TRY,-39.11595341,-19.65037802,71.77933563,TRY-6,ACT_DUH_FOG_LAM_SOY,ACT-TRY_DUH-TRY_FOG-TRY_LAM-TRY_SOY-TRY,ACT-TRY-6_DUH-TRY-6_FOG-TRY-6_SOY-TRY-6_LAM-TRY-12,ACT-6_DUH-6_FOG-6_SOY-6_LAM-12,0
FOG,-11.92286041,-24.93838202,78.58385063,FOG-6_FOG-14,LAW_TRY_RIB_SOY_OLD,FOG-LAW_FOG-TRY_FOG-RIB_FOG-SOY_FOG-OLD,FOG-LAW-14_FOG-RIB-14_FOG-OLD-14_FOG-TRY-6_FOG-RIB-6_FOG-SOY-6,LAW-14_RIB-14_OLD-14_TRY-6_RIB-6_SOY-6,0
NOM,76.18738459,86.59016998,-4.606762372,NOM-7_NOM-1_NOM-2,ACE_ARM_BIO_DUI_HIT,ACE-NOM_ARM-NOM_BIO-NOM_DUI-NOM_HIT-NOM,ARM-NOM-1_BIO-NOM-1_DUI-NOM-2_HIT-NOM-2_ACE-NOM-7_HIT-NOM-7,ARM-1_BIO-1_DUI-2_HIT-2_ACE-7_HIT-7,0
MOP,-41.14815841,32.03279498,63.86493863,MOP-6,DUH_FAN_JUG_NAN,DUH-MOP_FAN-MOP_JUG-MOP_MOP-NAN,DUH-MOP-6_FAN-MOP-6_JUG-MOP-6_MOP-NAN-6,DUH-6_FAN-6_JUG-6_NAN-6,0
WIZ,-94.22729741,61.19367898,16.15277063,WIZ-4,GIN_SAY_VOW_ZZZ,GIN-WIZ_SAY-WIZ_VOW-WIZ_WIZ-ZZZ,GIN-WIZ-4_SAY-WIZ-4_VOW-WIZ-6_WIZ-ZZZ-4,GIN-4_SAY-4_VOW-6_ZZZ-6,0
VOW,-65.23407541,67.63065498,28.89226863,VOW-6_VOW-5,FUN_PLY_REF_WIZ,FUN-VOW_PLY-VOW_REF-VOW_VOW-WIZ,FUN-VOW-5_PLY-VOW-5_REF-VOW-5_PLY-VOW-6_VOW-WIZ-6,FUN-5_PLY-5_REF-5_PLY-6_WIZ-4,0
MOO,31.52915659,-135.876097,28.76128663,MOO-10,EAR_EGG_JAM_PIG,EAR-MOO_EGG-MOO_JAM-MOO_MOO-PIG,EAR-MOO-10_EGG-MOO-10_MOO-PIG-10_JAM-MOO-13,EAR-10_EGG-10_PIG-10_JAM-13,0
MOM,-84.88109141,89.53200898,-64.08417237,MOM-3,AGO_AIM_OAR_TAX,AGO-MOM_AIM-MOM_MOM-OAR_MOM-TAX,AGO-MOM-3_AIM-MOM-3_MOM-OAR-3_MOM-TAX-3,AGO-3_AIM-3_OAR-3_TAX-3,0
INK,-53.10752641,133.549724,-22.66342337,INK-3,ALA_GUT_MAY_OIL_SHY,ALA-INK_GUT-INK_INK-MAY_INK-OIL_INK-SHY,ALA-INK-3_GUT-INK-3_INK-MAY-3_INK-OIL-3_INK-SHY-3,ALA-3_GUT-3_MAY-3_OIL-3_SHY-5,0
IVY,93.61091659,11.58407098,-12.75042237,IVY-7_IVY-2,DUI_EYE_GAS_SUN,DUI-IVY_EYE-IVY_GAS-IVY_IVY-SUN,DUI-IVY-2_IVY-SUN-2_EYE-IVY-7_IVY-SUN-7_GAS-IVY-11,DUI-2_SUN-2_EYE-7_SUN-7_GAS-11,0
NOR,-75.85383241,-91.25010502,5.971789628,NOR-12_NOR-9,COY_FIG_GOO_KIT,COY-NOR_FIG-NOR_GOO-NOR_KIT-NOR,COY-NOR-12_FIG-NOR-12_GOO-NOR-12_COY-NOR-9_KIT-NOR-9,COY-12_FIG-12_GOO-12_COY-9_KIT-9,0
COP,-39.98823741,-109.145583,-42.28678237,COP-10_COP-9,NEW_TAT_GET_ELK,COP-NEW_COP-TAT_COP-GET_COP-ELK,COP-NEW-10_COP-GET-10_COP-TAT-9_COP-ELK-9,NEW-10_GET-10_TAT-9_ELK-9,1
COW,60.75696259,-56.31003402,27.76317763,COW-11,AIR_ODD_GIG_ZOO_FAX,AIR-COW_COW-ODD_COW-GIG_COW-ZOO_COW-FAX,AIR-COW-11_COW-ODD-11_COW-GIG-11_COW-ZOO-11_COW-FAX-11,AIR-11_ODD-11_GIG-11_ZOO-11_FAX-11,0
COY,-80.29390641,-50.00527902,1.984625628,COY-12_COY-9,ART_CHI_NOR_MAD,ART-COY_CHI-COY_COY-NOR_COY-MAD,ART-COY-12_COY-NOR-12_COY-MAD-12_CHI-COY-9_COY-NOR-9,ART-12_NOR-12_MAD-12_CHI-9_NOR-9,0
SUN,104.1034676,36.32947298,1.262630628,SUN-7_SUN-2,DUI_EYE_HIT_IVY_SKY,DUI-SUN_EYE-SUN_HIT-SUN_IVY-SUN_SKY-SUN,DUI-SUN-2_HIT-SUN-2_IVY-SUN-2_SKY-SUN-2_EYE-SUN-7_HIT-SUN-7_IVY-SUN-7,DUI-2_HIT-2_IVY-2_SKY-2_EYE-7_HIT-7_IVY-7,0
DOG,-110.6943414,-17.02691602,-35.28390337,DOG-4_DOG-9,BAR_CHI_PAW,BAR-DOG_CHI-DOG_DOG-PAW,BAR-DOG-4_DOG-PAW-4_BAR-DOG-9_CHI-DOG-9,BAR-4_PAW-4_BAR-9_CHI-9,0
ETA,97.82119359,-10.49737002,-50.66639537,ETA-8_ETA-2,BAH_BOY_FOX_PAY,BAH-ETA_BOY-ETA_ETA-FOX_ETA-PAY,BAH-ETA-2_BOY-ETA-2_ETA-FOX-2_BAH-ETA-8_ETA-PAY-8,BAH-2_BOY-2_FOX-2_BAH-8_PAY-8,0
ACT,-51.10642441,-19.28789502,48.41176363,ACT-6_ACT-12,BUG_LAM_TRY_TAU_HAM,ACT-BUG_ACT-LAM_ACT-TRY_ACT-TAU_ACT-HAM,ACT-BUG-12_ACT-LAM-12_ACT-TRY-6_ACT-TAU-6_ACT-HAM-6,BUG-12_LAM-12_TRY-6_TAU-6_HAM-6,0
NEW,-41.25973241,-135.328682,-42.06623437,NEW-10,COP_GET_HIP_WOW_USE,COP-NEW_GET-NEW_HIP-NEW_NEW-WOW_NEW-USE,COP-NEW-10_GET-NEW-10_HIP-NEW-10_NEW-WOW-10_NEW-USE-10,COP-10_GET-10_HIP-10_WOW-10_USE-9,1
PIG,5.820940594,-117.48782,33.97493563,PIG-10_PIG-13,EGG_MOO_RUG_ZAP_PRO,EGG-PIG_MOO-PIG_PIG-RUG_PIG-ZAP_PIG-PRO,EGG-PIG-10_MOO-PIG-10_PIG-RUG-10_PIG-ZAP-13_PIG-PRO-13,EGG-10_MOO-10_RUG-10_ZAP-13_PRO-13,0
REF,-28.63881841,97.75430098,25.92900463,REF-5,BOA_DRY_RUM_VOW,BOA-REF_DRY-REF_REF-RUM_REF-VOW,BOA-REF-5_DRY-REF-5_REF-RUM-5_REF-VOW-5,BOA-5_DRY-5_RUM-5_VOW-5,0
OLD,-0.811181406,-60.86001002,71.98093063,OLD-13_OLD-14,EVE_FOG_HOT_LAB_TAU,EVE-OLD_FOG-OLD_HOT-OLD_LAB-OLD_OLD-TAU,HOT-OLD-13_LAB-OLD-13_OLD-TAU-13_EVE-OLD-14_FOG-OLD-14_OLD-TAU-14,HOT-13_LAB-13_TAU-13_EVE-14_FOG-14_TAU-14,0
ZZZ,-79.23398341,42.81055598,41.84575163,ZZZ-6,FAN_HAM_NAN_WIZ,FAN-ZZZ_HAM-ZZZ_NAN-ZZZ_WIZ-ZZZ,FAN-ZZZ-6_HAM-ZZZ-6_NAN-ZZZ-6_WIZ-ZZZ-4,FAN-6_HAM-6_NAN-6_WIZ-4,0
WHO,56.10229159,110.670883,-84.02869737,WHO-1,FRO_GUN_LEG_NIX_OFF,FRO-WHO_GUN-WHO_LEG-WHO_NIX-WHO_OFF-WHO,FRO-WHO-1_GUN-WHO-1_LEG-WHO-1_NIX-WHO-1_OFF-WHO-2,FRO-1_GUN-1_LEG-1_NIX-1_OFF-2,1
JOB,3.845794594,74.53298798,59.56868863,JOB-5,NAY_JUG_TOY_PLY,JOB-NAY_JOB-JUG_JOB-TOY_JOB-PLY,JOB-NAY-5_JOB-JUG-5_JOB-TOY-5_JOB-PLY-5,NAY-5_JUG-5_TOY-5_PLY-5,0
SEX,60.83833759,-123.218531,-17.84211037,SEX-8_SEX-10,GEL_PHI_TAR_YAY,GEL-SEX_PHI-SEX_SEX-TAR_SEX-YAY,GEL-SEX-10_PHI-SEX-8_SEX-TAR-8_SEX-YAY-8,GEL-10_PHI-8_TAR-8_YAY-8,0
ASK,100.5588706,65.11660398,-67.54861437,ASK-2,FRO_ORC_TUB_OFF,ASK-FRO_ASK-ORC_ASK-TUB_ASK-OFF,ASK-ORC-2_ASK-TUB-2_ASK-OFF-2_ASK-FRO-2,ORC-2_TUB-2_OFF-2_FRO-1,0
ASH,-70.85630941,-36.11951702,49.93942863,ASH-12,ART_LAM_HAM,ART-ASH_ASH-LAM_ASH-HAM,ART-ASH-12_ASH-LAM-12_ASH-HAM-12,ART-12_LAM-12_HAM-6,0
ODD,85.97783059,-36.78945902,22.52835163,ODD-11,AIR_COW_FIX_GAS_KEG,AIR-ODD_COW-ODD_FIX-ODD_GAS-ODD_KEG-ODD,AIR-ODD-11_COW-ODD-11_FIX-ODD-11_GAS-ODD-11_KEG-ODD-11,AIR-11_COW-11_FIX-11_GAS-11_KEG-11,0
WHY,93.63453159,-61.09995302,-20.31834037,WHY-8,KEG_LUG_PAY_SAW_TAR,KEG-WHY_LUG-WHY_PAY-WHY_SAW-WHY_TAR-WHY,KEG-WHY-8_LUG-WHY-8_PAY-WHY-8_SAW-WHY-8_TAR-WHY-8,KEG-8_LUG-8_PAY-8_SAW-8_TAR-8,0
DUH,-51.47386841,5.233506983,63.54871163,DUH-6,TRY_MOP_SOY,DUH-TRY_DUH-MOP_DUH-SOY,DUH-TRY-6_DUH-MOP-6_DUH-SOY-6,TRY-6_MOP-6_SOY-6,0
ELK,-74.04124941,-76.36781602,-38.83893637,ELK-9,AGE_COP_SIR_USE_TAT,AGE-ELK_COP-ELK_ELK-SIR_ELK-USE_ELK-TAT,AGE-ELK-9_COP-ELK-9_ELK-SIR-9_ELK-USE-9_ELK-TAT-9,AGE-9_COP-9_SIR-9_USE-9_TAT-9,0
YAY,52.54010159,-78.35575402,-52.84782737,YAY-8,AMP_BAM_CAB_HAY_JAR_SEX,AMP-YAY_BAM-YAY_CAB-YAY_HAY-YAY_JAR-YAY_SEX-YAY,AMP-YAY-8_BAM-YAY-8_HAY-YAY-8_JAR-YAY-8_SEX-YAY-8_CAB-YAY-10,AMP-8_BAM-8_HAY-8_JAR-8_SEX-8_CAB-10,1
CUP,-102.1497724,1.689936983,-56.48926237,CUP-4,BAR_DAY_HUG_SIR_PAW,BAR-CUP_CUP-DAY_CUP-HUG_CUP-SIR_CUP-PAW,BAR-CUP-4_CUP-DAY-4_CUP-HUG-4_CUP-PAW-4_CUP-SIR-4,BAR-4_DAY-4_HUG-4_PAW-4_SIR-9,0
SKY,112.3883416,35.23947098,-28.36083737,SKY-2,FOX_SUN_TUB,FOX-SKY_SKY-SUN_SKY-TUB,FOX-SKY-2_SKY-SUN-2_SKY-TUB-2,FOX-2_SUN-2_TUB-2,0
DUB,40.70018759,99.97916498,31.93446463,DUB-5_DUB-1,ADO_ARM_TOY_WAR_WET,ADO-DUB_ARM-DUB_DUB-TOY_DUB-WAR_DUB-WET,ARM-DUB-1_DUB-WAR-1_DUB-WET-1_ADO-DUB-5_DUB-TOY-5_DUB-WAR-5,ARM-1_WAR-1_WET-1_ADO-5_TOY-5_WAR-5,0
HEX,-57.82588741,138.550331,-73.40293337,HEX-3,GUT_SIP_MAY_MIX,GUT-HEX_HEX-SIP_HEX-MAY_HEX-MIX,GUT-HEX-3_HEX-SIP-3_HEX-MAY-3_HEX-MIX-3,GUT-3_SIP-3_MAY-3_MIX-3,0
EVE,30.91119559,-41.28148002,69.58921863,EVE-14,FAX_OLD_IRE,EVE-FAX_EVE-OLD_EVE-IRE,EVE-OLD-14_EVE-IRE-14_EVE-FAX-14,OLD-14_IRE-14_FAX-11,0
YAK,-44.92779141,-95.14453702,49.47698363,YAK-13_YAK-12,FIG_LAB_PRO_ZAP,FIG-YAK_LAB-YAK_PRO-YAK_YAK-ZAP,LAB-YAK-13_PRO-YAK-13_YAK-ZAP-13_FIG-YAK-12_LAB-YAK-12,LAB-13_PRO-13_ZAP-13_FIG-12_LAB-12,0
WAX,-61.03240041,113.301845,-94.98505137,WAX-3,AIM_LID_MIX_SIP,AIM-WAX_LID-WAX_MIX-WAX_SIP-WAX,AIM-WAX-3_LID-WAX-3_MIX-WAX-3_SIP-WAX-3,AIM-3_LID-3_MIX-3_SIP-3,1
ADO,11.85316059,92.98717298,38.38084263,ADO-5,DUB_TOY_WAR_ELF,ADO-DUB_ADO-TOY_ADO-WAR_ADO-ELF,ADO-DUB-5_ADO-TOY-5_ADO-WAR-5_ADO-ELF-5,DUB-5_TOY-5_WAR-5_ELF-1,0
WAS,71.74941359,-81.86690602,19.97496263,WAS-11,EAR_KEG_PHI_TAR_ZOO,EAR-WAS_KEG-WAS_PHI-WAS_TAR-WAS_WAS-ZOO,EAR-WAS-11_KEG-WAS-11_PHI-WAS-11_TAR-WAS-11_WAS-ZOO-11,EAR-11_KEG-11_PHI-11_TAR-11_ZOO-11,0
WAR,22.01100359,117.232289,23.27937763,WAR-1_WAR-5,ADO_BOA_DUB_ELF_HOW,ADO-WAR_BOA-WAR_DUB-WAR_ELF-WAR_HOW-WAR,DUB-WAR-1_ELF-WAR-1_HOW-WAR-1_ADO-WAR-5_BOA-WAR-5_DUB-WAR-5_HOW-WAR-5,DUB-1_ELF-1_HOW-1_ADO-5_BOA-5_DUB-5_HOW-5,0
WIG,-83.42824041,-103.036941,-20.98122137,WIG-9,KEY_USE_WOW,KEY-WIG_USE-WIG_WIG-WOW,KEY-WIG-9_USE-WIG-9_WIG-WOW-9,KEY-9_USE-9_WOW-9,0
CIS,85.32510359,11.66894898,-82.83059537,CIS-2,BAH_BAM_BOY_ORC_TAG_OFF,BAH-CIS_BAM-CIS_BOY-CIS_CIS-ORC_CIS-TAG_CIS-OFF,BAH-CIS-2_BOY-CIS-2_CIS-ORC-2_CIS-TAG-2_CIS-OFF-2_BAM-CIS-8,BAH-2_BOY-2_ORC-2_TAG-2_OFF-2_BAM-8,1
ALL,-21.26114741,-138.6957,32.20581763,ALL-10,PRO_EGG_SAD_RUG,ALL-PRO_ALL-EGG_ALL-SAD_ALL-RUG,ALL-EGG-10_ALL-SAD-10_ALL-RUG-10_ALL-PRO-10,EGG-10_SAD-10_RUG-10_PRO-13,0
RUM,-19.97606541,133.05074,-26.66302937,RUM-5_RUM-3,GUT_HOW_PIE_REF_SIP,GUT-RUM_HOW-RUM_PIE-RUM_REF-RUM_RUM-SIP,GUT-RUM-3_RUM-SIP-3_HOW-RUM-5_REF-RUM-5_PIE-RUM-1,GUT-3_SIP-3_HOW-5_REF-5_PIE-1,1
KEG,83.77172959,-61.85164402,10.55548263,KEG-8_KEG-11,WHY_ODD_TAR_WAS_LUG,KEG-WHY_KEG-ODD_KEG-TAR_KEG-WAS_KEG-LUG,KEG-ODD-11_KEG-TAR-11_KEG-WAS-11_KEG-LUG-11_KEG-WHY-8_KEG-TAR-8_KEG-LUG-8,ODD-11_TAR-11_WAS-11_LUG-11_WHY-8_TAR-8_LUG-8,0
WIN,97.42435959,-41.22449302,-65.29166837,WIN-8,BAH_BAM_HAY_JAR_PAY,BAH-WIN_BAM-WIN_HAY-WIN_JAR-WIN_PAY-WIN,BAH-WIN-8_BAM-WIN-8_HAY-WIN-8_JAR-WIN-8_PAY-WIN-8,BAH-8_BAM-8_HAY-8_JAR-8_PAY-8,0
RUG,-19.93212741,-146.611042,5.949316628,RUG-10,ALL_DAD_EGG_HIP_PIG,ALL-RUG_DAD-RUG_EGG-RUG_HIP-RUG_PIG-RUG,ALL-RUG-10_DAD-RUG-10_EGG-RUG-10_HIP-RUG-10_PIG-RUG-10,ALL-10_DAD-10_EGG-10_HIP-10_PIG-10,0
PLY,-25.05522041,53.31458298,49.84175063,PLY-6_PLY-5,FAN_JOB_JUG_SOY_VOW,FAN-PLY_JOB-PLY_JUG-PLY_PLY-SOY_PLY-VOW,JOB-PLY-5_JUG-PLY-5_PLY-VOW-5_FAN-PLY-6_JUG-PLY-6_PLY-SOY-6_PLY-VOW-6,JOB-5_JUG-5_VOW-5_FAN-6_JUG-6_SOY-6_VOW-6,0
ALA,-74.19261141,120.025893,-24.32966137,ALA-3,AGO_OIL_INK_FLY_GUT,AGO-ALA_ALA-OIL_ALA-INK_ALA-FLY_ALA-GUT,AGO-ALA-3_ALA-OIL-3_ALA-INK-3_ALA-FLY-3_ALA-GUT-3,AGO-3_OIL-3_INK-3_FLY-3_GUT-3,0
BRO,82.03459059,72.08309498,23.31367063,BRO-7,ACE_ARM_WET_EON_HIT,ACE-BRO_ARM-BRO_BRO-WET_BRO-EON_BRO-HIT,ACE-BRO-7_BRO-WET-7_BRO-EON-7_BRO-HIT-7_ARM-BRO-1,ACE-7_WET-7_EON-7_HIT-7_ARM-1,0
KEY,-69.18783341,-117.131377,11.78622063,KEY-12_KEY-9,FIG_GOO_WOW_SAD_WIG,FIG-KEY_GOO-KEY_KEY-WOW_KEY-SAD_KEY-WIG,FIG-KEY-12_GOO-KEY-12_KEY-WOW-9_KEY-WIG-9_KEY-SAD-9,FIG-12_GOO-12_WOW-9_WIG-9_SAD-10,0
TUB,107.6198766,63.81006798,-42.85213937,TUB-2,ASK_DIG_GUN_SKY_TAG,ASK-TUB_DIG-TUB_GUN-TUB_SKY-TUB_TAG-TUB,ASK-TUB-2_DIG-TUB-2_GUN-TUB-2_SKY-TUB-2_TAG-TUB-2,ASK-2_DIG-2_GUN-2_SKY-2_TAG-2,0
ORC,101.1758146,38.13227498,-80.54947137,ORC-2,ASK_BOY_CIS_TAG,ASK-ORC_BOY-ORC_CIS-ORC_ORC-TAG,ASK-ORC-2_BOY-ORC-2_CIS-ORC-2_ORC-TAG-2,ASK-2_BOY-2_CIS-2_TAG-2,0
USE,-66.40635841,-98.69556402,-51.81747737,USE-9,ELK_NEW_ONO_TAT_WIG,ELK-USE_NEW-USE_ONO-USE_TAT-USE_USE-WIG,ELK-USE-9_ONO-USE-9_TAT-USE-9_USE-WIG-9_NEW-USE-10,ELK-9_ONO-9_TAT-9_WIG-9_NEW-10,0
TOY,37.08808359,78.05762498,53.34773463,TOY-7_TOY-5,ADO_DUB_EON_JOB_NIL,ADO-TOY_DUB-TOY_EON-TOY_JOB-TOY_NIL-TOY,ADO-TOY-5_DUB-TOY-5_JOB-TOY-5_NIL-TOY-5_EON-TOY-7_NIL-TOY-7,ADO-5_DUB-5_JOB-5_NIL-5_EON-7_NIL-7,0
BAR,-107.2781254,-27.39621002,-61.13785137,BAR-9_BAR-4,AGE_CUP_FLU_DOG_ONO,AGE-BAR_BAR-CUP_BAR-FLU_BAR-DOG_BAR-ONO,BAR-CUP-4_BAR-FLU-4_BAR-DOG-4_AGE-BAR-9_BAR-DOG-9_BAR-ONO-9,CUP-4_FLU-4_DOG-4_AGE-9_DOG-9_ONO-9,0
DUI,97.20427659,55.49964198,-20.27930937,DUI-2,DIG_SUN_TAG_IVY_NOM,DIG-DUI_DUI-SUN_DUI-TAG_DUI-IVY_DUI-NOM,DIG-DUI-2_DUI-SUN-2_DUI-TAG-2_DUI-IVY-2_DUI-NOM-2,DIG-2_SUN-2_TAG-2_IVY-2_NOM-2,0
DIG,99.36351259,82.04294498,-25.19441537,DIG-2,GUN_HIT_DUI_JOY_TUB,DIG-GUN_DIG-HIT_DIG-DUI_DIG-JOY_DIG-TUB,DIG-GUN-2_DIG-HIT-2_DIG-DUI-2_DIG-TUB-2_DIG-JOY-2,GUN-2_HIT-2_DUI-2_TUB-2_JOY-1,0
AIR,71.13112059,-32.43153802,43.73215663,AIR-11,COW_ODD_MAC_FIX,AIR-COW_AIR-ODD_AIR-MAC_AIR-FIX,AIR-COW-11_AIR-ODD-11_AIR-MAC-11_AIR-FIX-11,COW-11_ODD-11_MAC-11_FIX-11,0
AIM,-85.39764441,95.01491398,-91.98091537,AIM-3,MOM_LID_EGO_WAX_MIX,AIM-MOM_AIM-LID_AIM-EGO_AIM-WAX_AIM-MIX,AIM-MOM-3_AIM-LID-3_AIM-EGO-3_AIM-WAX-3_AIM-MIX-3,MOM-3_LID-3_EGO-3_WAX-3_MIX-3,1
ERA,13.73802359,14.67203198,62.12956063,ERA-6_ERA-14_ERA-7,AHI_JUG_RIB_NIL_GIG,AHI-ERA_ERA-JUG_ERA-RIB_ERA-NIL_ERA-GIG,ERA-RIB-14_ERA-GIG-14_AHI-ERA-7_ERA-NIL-7_ERA-JUG-6_ERA-RIB-6,RIB-14_GIG-14_AHI-7_NIL-7_JUG-6_RIB-6,0
CAB,25.94835359,-122.829441,-37.65312837,CAB-10,AMP_ROB_YAY_OAK_GET,AMP-CAB_CAB-ROB_CAB-YAY_CAB-OAK_CAB-GET,AMP-CAB-10_CAB-ROB-10_CAB-OAK-10_CAB-GET-10_CAB-YAY-10,AMP-10_ROB-10_OAK-10_GET-10_YAY-8,1
VAN,-112.5420554,21.71477298,-72.36783537,VAN-4,BOX_FLU_GYM_HUG_PAW,BOX-VAN_FLU-VAN_GYM-VAN_HUG-VAN_PAW-VAN,BOX-VAN-4_FLU-VAN-4_GYM-VAN-4_HUG-VAN-4_PAW-VAN-4,BOX-4_FLU-4_GYM-4_HUG-4_PAW-4,0
BAM,73.08419059,-39.61716802,-83.34339637,BAM-8,BAH_YAY_HAY_CIS_WIN,BAH-BAM_BAM-YAY_BAM-HAY_BAM-CIS_BAM-WIN,BAH-BAM-8_BAM-YAY-8_BAM-HAY-8_BAM-WIN-8_BAM-CIS-8,BAH-8_YAY-8_HAY-8_WIN-8_CIS-2,1
BAH,97.16048159,-14.53845802,-78.92810637,BAH-8_BAH-2,ETA_CIS_BOY_WIN_BAM,BAH-ETA_BAH-CIS_BAH-BOY_BAH-WIN_BAH-BAM,BAH-ETA-2_BAH-CIS-2_BAH-BOY-2_BAH-ETA-8_BAH-WIN-8_BAH-BAM-8,ETA-2_CIS-2_BOY-2_ETA-8_WIN-8_BAM-8,0
HIP,-32.92354741,-153.773805,-17.57409037,HIP-10,FOR_SAD_RUG_NEW,FOR-HIP_HIP-SAD_HIP-RUG_HIP-NEW,FOR-HIP-10_HIP-SAD-10_HIP-RUG-10_HIP-NEW-10,FOR-10_SAD-10_RUG-10_NEW-10,0
BIO,66.46786359,118.555503,-9.524659372,BIO-1,ARM_ELF_JOY_NOM_RAD,ARM-BIO_BIO-ELF_BIO-JOY_BIO-NOM_BIO-RAD,ARM-BIO-1_BIO-ELF-1_BIO-JOY-1_BIO-NOM-1_BIO-RAD-1,ARM-1_ELF-1_JOY-1_NOM-1_RAD-1,0
FAX,52.93065359,-53.90876502,53.84225463,FAX-11,COW_EVE_ZOO_LIE,COW-FAX_EVE-FAX_FAX-ZOO_FAX-LIE,COW-FAX-11_FAX-ZOO-11_FAX-LIE-11_EVE-FAX-14,COW-11_ZOO-11_LIE-11_EVE-14,0
HIT,96.86061759,65.50574698,4.395899628,HIT-7_HIT-2,ACE_BRO_DIG_SUN_NOM,ACE-HIT_BRO-HIT_DIG-HIT_HIT-SUN_HIT-NOM,DIG-HIT-2_HIT-SUN-2_HIT-NOM-2_ACE-HIT-7_BRO-HIT-7_HIT-SUN-7_HIT-NOM-7,DIG-2_SUN-2_NOM-2_ACE-7_BRO-7_SUN-7_NOM-7,0
ONO,-88.90182941,-62.98485202,-63.50000837,ONO-9,BAR_KIT_SIR_USE_TAT,BAR-ONO_KIT-ONO_ONO-SIR_ONO-USE_ONO-TAT,BAR-ONO-9_KIT-ONO-9_ONO-SIR-9_ONO-USE-9_ONO-TAT-9,BAR-9_KIT-9_SIR-9_USE-9_TAT-9,1
GYM,-102.0108504,48.01721398,-60.70668137,GYM-4_GYM-3,EGO_VAN_OAR_ZIG,EGO-GYM_GYM-VAN_GYM-OAR_GYM-ZIG,EGO-GYM-3_GYM-OAR-3_GYM-VAN-4_GYM-ZIG-4,EGO-3_OAR-3_VAN-4_ZIG-4,0
GAS,98.01878059,-13.78822502,8.027349628,GAS-11,EYE_FIX_IVY_ODD_TUX,EYE-GAS_FIX-GAS_GAS-IVY_GAS-ODD_GAS-TUX,FIX-GAS-11_GAS-ODD-11_EYE-GAS-7_GAS-IVY-11_GAS-TUX-11,FIX-11_ODD-11_EYE-7_IVY-7_TUX-8,0
POP,80.11344359,20.84592298,39.43647463,POP-7,EON_EYE_MAC,EON-POP_EYE-POP_MAC-POP,EON-POP-7_EYE-POP-7_MAC-POP-7,EON-7_EYE-7_MAC-7,0
GAL,24.98754559,133.745892,-1.576939372,GAL-1,PIE_HOW_RAD,GAL-PIE_GAL-HOW_GAL-RAD,GAL-PIE-1_GAL-HOW-1_GAL-RAD-1,PIE-1_HOW-1_RAD-1,0
FAN,-53.57925541,51.12708598,53.57610463,FAN-6,MOP_PLY_FUN_ZZZ_NAN,FAN-MOP_FAN-PLY_FAN-FUN_FAN-ZZZ_FAN-NAN,FAN-MOP-6_FAN-PLY-6_FAN-ZZZ-6_FAN-NAN-6_FAN-FUN-6,MOP-6_PLY-6_ZZZ-6_NAN-6_FUN-5,0
SOY,-25.26962541,6.414220983,63.01992663,SOY-6,DUH_FOG_PLY_RIB_TRY,DUH-SOY_FOG-SOY_PLY-SOY_RIB-SOY_SOY-TRY,DUH-SOY-6_FOG-SOY-6_PLY-SOY-6_RIB-SOY-6_SOY-TRY-6,DUH-6_FOG-6_PLY-6_RIB-6_TRY-6,0
EAR,47.71669559,-101.306211,24.42671963,EAR-10_EAR-11,MOO_GEL_LIE_WAS,EAR-MOO_EAR-GEL_EAR-LIE_EAR-WAS,EAR-LIE-11_EAR-WAS-11_EAR-MOO-10_EAR-GEL-10,LIE-11_WAS-11_MOO-10_GEL-10,0
DAY,-94.73552341,29.94447198,-26.25327037,DAY-4,CUP_PAW_ZIG_GIN,CUP-DAY_DAY-PAW_DAY-ZIG_DAY-GIN,CUP-DAY-4_DAY-PAW-4_DAY-ZIG-4_DAY-GIN-4,CUP-4_PAW-4_ZIG-4_GIN-4,0
DAD,25.22672259,-147.27426,0.517395628,DAD-10,GEL_RUG_ROB_GET,DAD-GEL_DAD-RUG_DAD-ROB_DAD-GET,DAD-GEL-10_DAD-RUG-10_DAD-ROB-10_DAD-GET-10,GEL-10_RUG-10_ROB-10_GET-10,0
GOO,-41.85655141,-112.918897,27.08052363,GOO-13_GOO-12_GOO-10,BUG_NOR_KEY_SAD_WOW,BUG-GOO_GOO-NOR_GOO-KEY_GOO-SAD_GOO-WOW,GOO-SAD-10_GOO-WOW-10_BUG-GOO-12_GOO-NOR-12_GOO-KEY-12,SAD-10_WOW-10_BUG-12_NOR-12_KEY-12,0
FRO,83.11559959,92.49394598,-76.93202537,FRO-1,ASK_RAW_OFF_WHO_GUN,ASK-FRO_FRO-RAW_FRO-OFF_FRO-WHO_FRO-GUN,FRO-RAW-1_FRO-WHO-1_FRO-GUN-1_ASK-FRO-2_FRO-OFF-1,RAW-1_WHO-1_GUN-1_ASK-2_OFF-2,0
ICE,-101.6621224,2.311318983,18.75995663,ICE-6_ICE-4,BED_GIN_HAM_MAD_LAX,BED-ICE_GIN-ICE_HAM-ICE_ICE-MAD_ICE-LAX,BED-ICE-4_GIN-ICE-4_GIN-ICE-6_HAM-ICE-6_ICE-LAX-6_ICE-MAD-6,BED-4_GIN-4_GIN-6_HAM-6_LAX-6_MAD-12,0
HOW,3.807477594,116.592725,4.278644628,HOW-5_HOW-1,ELF_GAL_WAR_RUM_SHY,ELF-HOW_GAL-HOW_HOW-WAR_HOW-RUM_HOW-SHY,ELF-HOW-1_GAL-HOW-1_HOW-WAR-1_HOW-WAR-5_HOW-RUM-5_HOW-SHY-5,ELF-1_GAL-1_WAR-1_WAR-5_RUM-5_SHY-5,0
HOT,4.710215594,-98.76846102,58.92129363,HOT-13,PRO_JAM_OLD,HOT-PRO_HOT-JAM_HOT-OLD,HOT-PRO-13_HOT-JAM-13_HOT-OLD-13,PRO-13_JAM-13_OLD-13,0
IRE,36.45626059,-3.166204017,68.58317463,IRE-14_IRE-7,EVE_GIG_MAC_LAW_RIB,EVE-IRE_GIG-IRE_IRE-MAC_IRE-LAW_IRE-RIB,EVE-IRE-14_GIG-IRE-14_IRE-LAW-14_IRE-RIB-14_IRE-MAC-7,EVE-14_GIG-14_LAW-14_RIB-14_MAC-7,0
NAN,-56.65210441,24.70875698,41.61903863,NAN-6,FAN_LAX_MOP_ZZZ,FAN-NAN_LAX-NAN_MOP-NAN_NAN-ZZZ,FAN-NAN-6_LAX-NAN-6_MOP-NAN-6_NAN-ZZZ-6,FAN-6_LAX-6_MOP-6_ZZZ-6,0
ART,-85.24824141,-58.83866602,26.52474063,ART-12,COY_FIG_KIT_ASH_MAD,ART-COY_ART-FIG_ART-KIT_ART-ASH_ART-MAD,ART-COY-12_ART-FIG-12_ART-ASH-12_ART-MAD-12_ART-KIT-12,COY-12_FIG-12_ASH-12_MAD-12_KIT-9,0
HAY,78.44892959,-66.37617402,-66.96744137,HAY-8,BAM_JAR_WIN_YAY_SAW,BAM-HAY_HAY-JAR_HAY-WIN_HAY-YAY_HAY-SAW,BAM-HAY-8_HAY-JAR-8_HAY-WIN-8_HAY-YAY-8_HAY-SAW-8,BAM-8_JAR-8_WIN-8_YAY-8_SAW-8,1
ARM,65.19910059,101.295225,14.24669263,ARM-1,BRO_BIO_WET_DUB_NOM,ARM-BRO_ARM-BIO_ARM-WET_ARM-DUB_ARM-NOM,ARM-BIO-1_ARM-WET-1_ARM-DUB-1_ARM-NOM-1_ARM-BRO-1,BIO-1_WET-1_DUB-1_NOM-1_BRO-7,0
