jascha name 1,jascha name 2,jascha (new) bar,brian 1,brian 2,brian (old) bar,length (text from sticker),length (decimal),step,is this bar needed on 1/10/2015?
ELF,BIO,"ELF,BIO",tan,hem,"tan,hem",32 1/8,32.125,275,"DUB,WAR"
GUN,JOY,"GUN,JOY",gun,and,"gun,and",32 1/8,32.125,517,
RAW,FRO,"RAW,FRO",too,apt,"too,apt",32 1/4,32.25,646,
FIX,MAC,"FIX,MAC",pet,mac,"pet,mac",32 1/4,32.25,238,
MOM,AIM,"MOM,AIM",pen,aim,"pen,aim",32 1/4,32.25,553,
ELF,ARM,"ELF,ARM",tan,arm,"tan,arm",32 3/8,32.375,271,
RUG,SAD,"RUG,SAD",log,did,"log,did",32 3/8,32.375,398,
KEG,WHY,"KEG,WHY",mob,hoe,"mob,hoe",32 3/8,32.375,466,
TRY,DUH,"TRY,DUH",try,duh,"try,duh",32 3/8,32.375,86,
CAB,ROB,"CAB,ROB",pin,din,"pin,din",32 3/8,32.375,628,
INK,MAY,"INK,MAY",pub,may,"pub,may",32 5/8,32.625,487,
CUP,VAN,"CUP,VAN",cup,his,"cup,his",32 3/4,32.75,586,
BED,ICE,"BED,ICE",lip,dew,"lip,dew",32 3/4,32.75,372,
MOM,OAR,"MOM,OAR",pen,hey,"pen,hey",32 3/4,32.75,554,
SPY,RAW,"SPY,RAW",lot,too,"lot,too",32 7/8,32.875,473,
NAN,HAM,"NAN,HAM",tad,ham,"tad,ham",32 7/8,32.875,103,
IVY,TUX,"IVY,TUX",guy,dip,"guy,dip",32 7/8,32.875,411,
PIE,RAD,"PIE,RAD",pie,rad,"pie,rad",32 7/8,32.875,379,
ETA,BAH,"ETA,BAH",git,pot,"git,pot",32 7/8,32.875,601,
SEX,GEL,"SEX,GEL",loo,men,"loo,men",32 7/8,32.875,507,
GUT,INK,"GUT,INK",gut,pub,"gut,pub",33,33,486,
CIS,BAH,"CIS,BAH",pic,pot,"pic,pot",33,33,665,
TAU,FOG,"TAU,FOG",aid,mat,"aid,mat",33,33,61,
GYM,EGO,"GYM,EGO",gym,rap,"gym,rap",33 1/8,33.125,574,
BRO,ARM,"BRO,ARM",rag,arm,"rag,arm",33 1/8,33.125,323,
TAU,LAM,"TAU,LAM",aid,ram,"aid,ram",33 1/8,33.125,63,
RUG,EGG,"RUG,EGG",log,rat,"log,rat",33 1/4,33.25,401,
BIO,JOY,"BIO,JOY",hem,and,"hem,and",33 1/4,33.25,477,
REF,BOA,"REF,BOA",lob,tie,"lob,tie",33 1/4,33.25,139,
CUP,DOG,"CUP,DOG",cup,dog,"cup,dog",33 1/4,33.25,589,
TAR,PHI,"TAR,PHI",tar,quo,"tar,quo",33 1/4,33.25,460,
CUP,BAR,"CUP,BAR",cup,tin,"cup,tin",33 3/8,33.375,587,
FRO,ASK,"FRO,ASK",apt,ask,"apt,ask",33 3/8,33.375,651,
HUG,BOX,"HUG,BOX",gum,mit,"gum,mit",33 3/8,33.375,676,
SIR,BAR,"SIR,BAR",lop,tin,"lop,tin",33 3/8,33.375,672,
OFF,FRO,"OFF,FRO",add,apt,"add,apt",33 1/2,33.5,648,1
PIE,GAL,"PIE,GAL",pie,mag,"pie,mag",33 1/2,33.5,381,
ARM,BIO,"ARM,BIO",arm,hem,"arm,hem",33 1/2,33.5,325,
GYM,BOX,"GYM,BOX",gym,mit,"gym,mit",33 1/2,33.5,578,
NOM,BIO,"NOM,BIO",cut,hem,"cut,hem",33 1/2,33.5,317,
FOX,BOY,"FOX,BOY",max,tic,"max,tic",33 1/2,33.5,605,
ADO,JOB,"ADO,JOB",ado,pug,"ado,pug",33 1/2,33.5,73,1
ASK,ORC,"ASK,ORC",ask,ale,"ask,ale",33 5/8,33.625,652,
GIN,WIZ,"GIN,WIZ",gin,due,"gin,due",33 5/8,33.625,201,
FOR,OAK,"FOR,OAK",maw,her,"maw,her",33 3/4,33.75,623,
HUG,FLU,"HUG,FLU",gum,map,"gum,map",33 3/4,33.75,677,
OIL,ALA,"OIL,ALA",cub,tip,"cub,tip",33 3/4,33.75,287,
IVY,GAS,"IVY,GAS",guy,ape,"guy,ape",33 3/4,33.75,409,
COW,KEG,"COW,KEG",cow,mob,"cow,mob",33 3/4,33.75,262,
WOW,KEY,"WOW,KEY",abs,man,"abs,man",33 3/4,33.75,497,1
ETA,TUX,"ETA,TUX",git,dip,"git,dip",33 3/4,33.75,602,
LAW,RIB,"LAW,RIB",cot,dim,"cot,dim",33 3/4,33.75,10,
HIT,SUN,"HIT,SUN",hit,tom,"hit,tom",33 7/8,33.875,394,
BOY,BAH,"BOY,BAH",tic,pot,"tic,pot",33 7/8,33.875,668,
IVY,SUN,"IVY,SUN",guy,tom,"guy,tom",33 7/8,33.875,410,
WET,TOY,"WET,TOY",poi,toy,"poi,toy",33 7/8,33.875,162,
GUN,DIG,"GUN,DIG",gun,dig,"gun,dig",33 7/8,33.875,520,
COW,WAS,"COW,WAS",cow,hid,"cow,hid",33 7/8,33.875,261,
TAR,WHY,"TAR,WHY",tar,hoe,"tar,hoe",33 7/8,33.875,459,
ETA,BOY,"ETA,BOY",git,tic,"git,tic",33 7/8,33.875,597,
IVY,SKY,"IVY,SKY",guy,hew,"guy,hew",34,34,408,
WET,ARM,"WET,ARM",poi,arm,"poi,arm",34 1/8,34.125,160,
CIS,ORC,"CIS,ORC",pic,ale,"pic,ale",34 1/4,34.25,664,
SOY,MOP,"SOY,MOP",low,ass,"low,ass",34 1/4,34.25,16,
TAU,TRY,"TAU,TRY",aid,try,"aid,try",34 1/4,34.25,59,
GET,OAK,"GET,OAK",get,her,"get,her",34 1/2,34.5,619,
LID,AIM,"LID,AIM",lid,aim,"lid,aim",34 5/8,34.625,681,
GET,HIP,"GET,HIP",get,hip,"get,hip",34 3/4,34.75,620,
ADO,DUB,"ADO,DUB",ado,dub,"ado,dub",34 3/4,34.75,75,1
EAR,MOO,"EAR,MOO",lye,dot,"lye,dot",34 3/4,34.75,306,
GYM,VAN,"GYM,VAN",gym,his,"gym,his",34 3/4,34.75,575,
GUN,RAW,"GUN,RAW",gun,too,"gun,too",34 3/4,34.75,515,
WHO,RAW,"WHO,RAW",pod,too,"pod,too",34 7/8,34.875,644,
RUM,INK,"RUM,INK",gnu,pub,"gnu,pub",34 7/8,34.875,360,
GET,FOR,"GET,FOR",get,maw,"get,maw",35 1/4,35.25,621,
DAD,GEL,"DAD,GEL",dad,men,"dad,men",35 1/4,35.25,447,
VOW,FAN,"VOW,FAN",dab,tow,"dab,tow",35 3/8,35.375,149,
FIG,KEY,"FIG,KEY",hat,man,"hat,man",35 3/8,35.375,353,
EAR,GEL,"EAR,GEL",lye,men,"lye,men",35 3/8,35.375,308,
HOT,PRO,"HOT,PRO",hog,pro,"hog,pro",35 3/8,35.375,253,
BUG,YAK,"BUG,YAK",tap,til,"tap,til",35 5/8,35.625,179,
LID,BOX,"LID,BOX",lid,mit,"lid,mit",35 3/4,35.75,682,
ROB,AMP,"ROB,AMP",din,amp,"din,amp",36,36,629,
COW,ODD,"COW,ODD",cow,dug,"cow,dug",36 1/4,36.25,260,
SIR,FLU,"SIR,FLU",lop,map,"lop,map",36 7/8,36.875,670,
SAD,HIP,"SAD,HIP",did,hip,"did,hip",37 3/8,37.375,500,
ELK,WIG,"ELK,WIG",pit,two,"pit,two",37 1/2,37.5,537,
AGE,KIT,"AGE,KIT",age,any,"age,any",40 1/8,40.125,527,1
ELK,SIR,"ELK,SIR",pit,lop,"pit,lop",63 1/8,63.125,534,
REF,RUM,"REF,RUM",lob,gnu,"lob,gnu",67 7/8,67.875,134,
LAM,LAB,"LAM,LAB",ram,mod,"ram,mod",28.1,28.1,185,
PIG,MOO,"PIG,MOO",pig,dot,"pig,dot",33.5,33.5,251,
PRO,ALL,"PRO,ALL",pro,all,"pro,all",28.5,28.5,300,
VOW,WIZ,"VOW,WIZ",dab,due,"dab,due",35.3,35.3,151,
NIL,TOY,"NIL,TOY",tea,toy,"tea,toy",30.3,30.3,38,
FIX,ODD,"FIX,ODD",pet,dug,"pet,dug",33.6,33.6,235,
LAW,FOG,"LAW,FOG",cot,mat,"cot,mat",30.6,30.6,11,
TAU,OLD,"TAU,OLD",aid,hen,"aid,hen",31,31,60,
FAX,ZOO,"FAX,ZOO",the,are,"the,are",30.7,30.7,265,
GIG,IRE,"GIG,IRE",gig,den,"gig,den",32.3,32.3,94,
NIL,AHI,"NIL,AHI",tea,tug,"tea,tug",31,31,37,
GIN,SAY,"GIN,SAY",gin,top,"gin,top",31.5,31.5,205,
HOW,GAL,"HOW,GAL",cry,mag,"cry,mag",29.6,29.6,228,
LAW,EVE,"LAW,EVE",cot,had,"cot,had",29.8,29.8,9,
LAX,HAM,"LAX,HAM",pew,ham,"pew,ham",31.6,31.6,193,
COW,AIR,"COW,AIR",cow,air,"cow,air",34.5,34.5,258,
REF,HOW,"REF,HOW",lob,cry,"lob,cry",47.6,47.6,132,
LAX,MAD,"LAX,MAD",pew,mad,"pew,mad",31.6,31.6,195,
WET,ACE,"WET,ACE",poi,ace,"poi,ace",46.3,46.3,156,
NAN,GIN,"NAN,GIN",tad,gin,"tad,gin",45.8,45.8,99,
ADO,BOA,"ADO,BOA",ado,tie,"ado,tie",32.5,32.5,70,1
ACT,BUG,"ACT,BUG",act,tap,"act,tap",47.4,47.4,79,1
TAU,LAB,"TAU,LAB",aid,mod,"aid,mod",32.8,32.8,62,
PIG,HOT,"PIG,HOT",pig,hog,"pig,hog",34.4,34.4,249,
FOG,TRY,"FOG,TRY",mat,try,"mat,try",29,29,65,
EVE,FAX,"EVE,FAX",had,the,"had,the",29.2,29.2,131,
WAR,GAL,"WAR,GAL",pow,mag,"pow,mag",29.9,29.9,276,
YES,AHI,"YES,AHI",tab,tug,"tab,tug",33.1,33.1,113,
DUB,ARM,"DUB,ARM",dub,arm,"dub,arm",30.3,30.3,278,
NAY,FUN,"NAY,FUN",asp,him,"asp,him",32.2,32.2,142,
ERA,IRE,"ERA,IRE",aby,den,"aby,den",32.5,32.5,29,1
NAN,DUH,"NAN,DUH",tad,duh,"tad,duh",34.3,34.3,101,
JOB,NAY,"JOB,NAY",pug,asp,"pug,asp",29,29,77,
ACT,ASH,"ACT,ASH",act,mid,"act,mid",29.6,29.6,83,1
MAC,POP,"MAC,POP",mac,pop,"mac,pop",28.7,28.7,240,
TOY,DUB,"TOY,DUB",toy,dub,"toy,dub",31.9,31.9,163,
LAM,ASH,"LAM,ASH",ram,mid,"ram,mid",30,30,186,
ACE,BRO,"ACE,BRO",ace,rag,"ace,rag",34.8,34.8,213,1
RIB,FOG,"RIB,FOG",dim,mat,"dim,mat",29.5,29.5,31,
WET,BRO,"WET,BRO",poi,rag,"poi,rag",31.6,31.6,161,
LAB,YAK,"LAB,YAK",mod,til,"mod,til",29.8,29.8,187,
ACE,EYE,"ACE,EYE",ace,pun,"ace,pun",34.5,34.5,214,1
ACT,LAM,"ACT,LAM",act,ram,"act,ram",30.8,30.8,81,1
ERA,JUG,"ERA,JUG",aby,ant,"aby,ant",32,32,26,1
ERA,RIB,"ERA,RIB",aby,dim,"aby,dim",30.8,30.8,27,1
YES,EON,"YES,EON",tab,mic,"tab,mic",31.8,31.8,111,
ACE,DUI,"ACE,DUI",ace,pix,"ace,pix",43.5,43.5,212,1
LAX,ASH,"LAX,ASH",pew,mid,"pew,mid",33.7,33.7,194,
ACE,IVY,"ACE,IVY",ace,guy,"ace,guy",48.4,48.4,211,1
HOW,WAR,"HOW,WAR",cry,pow,"cry,pow",29.6,29.6,224,
ZAP,PRO,"ZAP,PRO",cue,pro,"cue,pro",30.4,30.4,169,
GIG,AIR,"GIG,AIR",gig,air,"gig,air",31.6,31.6,96,
GOO,FIG,"GOO,FIG",goo,hat,"goo,hat",33.8,33.8,293,
EVE,OLD,"EVE,OLD",had,hen,"had,hen",40.6,40.6,130,
PLY,JUG,"PLY,JUG",ply,ant,"ply,ant",35.7,35.7,48,
WET,ELF,"WET,ELF",poi,tan,"poi,tan",49.3,49.3,155,
BOA,WAR,"BOA,WAR",tie,pow,"tie,pow",31.8,31.8,229,
ZAP,YAK,"ZAP,YAK",cue,til,"cue,til",32,32,172,
NIL,JOB,"NIL,JOB",tea,pug,"tea,pug",30,30,40,
WET,EON,"WET,EON",poi,mic,"poi,mic",31.6,31.6,159,
GOO,PRO,"GOO,PRO",goo,pro,"goo,pro",34.7,34.7,298,
HAM,ZZZ,"HAM,ZZZ",ham,ark,"ham,ark",40,40,206,
LAX,GIN,"LAX,GIN",pew,gin,"pew,gin",50.9,50.9,188,
RIB,JUG,"RIB,JUG",dim,ant,"dim,ant",40.9,40.9,30,
BUG,LAB,"BUG,LAB",tap,mod,"tap,mod",35.7,35.7,183,
LAW,LIE,"LAW,LIE",cot,lie,"cot,lie",49,49,4,
MOP,DUH,"MOP,DUH",ass,duh,"ass,duh",32.1,32.1,106,
OIL,DRY,"OIL,DRY",cub,dry,"cub,dry",32.5,32.5,286,
ACT,TRY,"ACT,TRY",act,try,"act,try",29.5,29.5,85,1
SOY,DUH,"SOY,DUH",low,duh,"low,duh",31.3,31.3,20,
ACT,DUH,"ACT,DUH",act,duh,"act,duh",32.2,32.2,82,1
YES,MAC,"YES,MAC",tab,mac,"tab,mac",33.9,33.9,112,
MOP,FAN,"MOP,FAN",ass,tow,"ass,tow",29.3,29.3,105,
AIR,ODD,"AIR,ODD",air,dug,"air,dug",30.1,30.1,266,
YES,IRE,"YES,IRE",tab,den,"tab,den",43.1,43.1,114,
VOW,DRY,"VOW,DRY",dab,dry,"dab,dry",34.1,34.1,146,
ADO,WET,"ADO,WET",ado,poi,"ado,poi",48.4,48.4,68,1
SOY,TRY,"SOY,TRY",low,try,"low,try",34.4,34.4,19,
EON,POP,"EON,POP",mic,pop,"mic,pop",40.2,40.2,219,
TAU,BUG,"TAU,BUG",aid,tap,"aid,tap",51,51,58,
WAR,DUB,"WAR,DUB",pow,dub,"pow,dub",30.1,30.1,277,
ZAP,HOT,"ZAP,HOT",cue,hog,"cue,hog",31.6,31.6,171,
ZAP,LAB,"ZAP,LAB",cue,mod,"cue,mod",31,31,168,
MAC,AIR,"MAC,AIR",mac,air,"mac,air",32.7,32.7,241,
LAX,COY,"LAX,COY",pew,coy,"pew,coy",46.1,46.1,189,
HOW,FEW,"HOW,FEW",cry,has,"cry,has",32.3,32.3,225,
ADO,REF,"ADO,REF",ado,lob,"ado,lob",47.2,47.2,67,1
HAM,ICE,"HAM,ICE",ham,dew,"ham,dew",40.1,40.1,207,
PLY,FAN,"PLY,FAN",ply,tow,"ply,tow",36,36,50,
NAN,VOW,"NAN,VOW",tad,dab,"tad,dab",49.4,49.4,97,
LIE,ZAP,"LIE,ZAP",lie,cue,"lie,cue",49.2,49.2,121,
ERA,AHI,"ERA,AHI",aby,tug,"aby,tug",31.3,31.3,28,1
ZAP,GOO,"ZAP,GOO",cue,goo,"cue,goo",45,45,167,
TAU,ZAP,"TAU,ZAP",aid,cue,"aid,cue",42.7,42.7,55,
FIX,POP,"FIX,POP",pet,pop,"pet,pop",34.5,34.5,234,
PIG,EAR,"PIG,EAR",pig,lye,"pig,lye",48.4,48.4,244,
JUG,JOB,"JUG,JOB",ant,pug,"ant,pug",39.2,39.2,52,
LIE,FAX,"LIE,FAX",lie,the,"lie,the",36.6,36.6,127,
ELF,SPY,"ELF,SPY",tan,lot,"tan,lot",49.8,49.8,269,
REF,VOW,"REF,VOW",lob,dab,"lob,dab",48.8,48.8,133,
OIL,FLY,"OIL,FLY",cub,mar,"cub,mar",31.5,31.5,284,
ERA,YES,"ERA,YES",aby,tab,"aby,tab",45.3,45.3,25,1
EON,BRO,"EON,BRO",mic,rag,"mic,rag",41.2,41.2,220,
JOB,TOY,"JOB,TOY",pug,toy,"pug,toy",35.4,35.4,76,
VOW,OIL,"VOW,OIL",dab,cub,"dab,cub",48.9,48.9,143,
NIL,JUG,"NIL,JUG",tea,ant,"tea,ant",38.9,38.9,39,
PLY,NAY,"PLY,NAY",ply,asp,"ply,asp",36.8,36.8,47,
ELF,PIE,"ELF,PIE",tan,pie,"tan,pie",49.9,49.9,267,
SOY,JUG,"SOY,JUG",low,ant,"low,ant",41.7,41.7,18,
BUG,LAM,"BUG,LAM",tap,ram,"tap,ram",35.2,35.2,184,
ACT,NAN,"ACT,NAN",act,tad,"act,tad",48.8,48.8,78,1
BOA,SHY,"BOA,SHY",tie,dib,"tie,dib",39.4,39.4,230,
SOY,FOG,"SOY,FOG",low,mat,"low,mat",36.3,36.3,17,
LIE,COW,"LIE,COW",lie,cow,"lie,cow",49.8,49.8,122,
REF,DRY,"REF,DRY",lob,dry,"lob,dry",32,32,138,
ERA,SOY,"ERA,SOY",aby,low,"aby,low",42.1,42.1,3,1
LIE,EAR,"LIE,EAR",lie,lye,"lie,lye",51.5,51.5,123,
FIX,IVY,"FIX,IVY",pet,guy,"pet,guy",47,47,233,
YES,POP,"YES,POP",tab,pop,"tab,pop",31.8,31.8,115,
SOY,NAN,"SOY,NAN",low,tad,"low,tad",46.9,46.9,14,
OIL,INK,"OIL,INK",cub,pub,"cub,pub",37.9,37.9,283,
IRE,AHI,"IRE,AHI",den,tug,"den,tug",37.4,37.4,116,
COW,LUG,"COW,LUG",cow,lug,"cow,lug",50.3,50.3,256,
ZAP,BUG,"ZAP,BUG",cue,tap,"cue,tap",49,49,166,
HOT,JAM,"HOT,JAM",hog,tot,"hog,tot",31.5,31.5,254,
VOW,FLY,"VOW,FLY",dab,mar,"dab,mar",45.2,45.2,148,
NOM,ARM,"NOM,ARM",cut,arm,"cut,arm",31.4,31.4,321,
WET,DUB,"WET,DUB",poi,dub,"poi,dub",32.8,32.8,158,
SUN,SKY,"SUN,SKY",tom,hew,"tom,hew",30.5,30.5,416,
PIE,OVA,"PIE,OVA",pie,met,"pie,met",30.6,30.6,382,
REF,NAY,"REF,NAY",lob,asp,"lob,asp",33.8,33.8,140,
LUG,PAY,"LUG,PAY",lug,pup,"lug,pup",34.1,34.1,424,
BRO,HIT,"BRO,HIT",rag,hit,"rag,hit",28.3,28.3,324,
PIE,FEW,"PIE,FEW",pie,has,"pie,has",29.2,29.2,380,
LUG,ETA,"LUG,ETA",lug,git,"lug,git",50.7,50.7,418,
EYE,GAS,"EYE,GAS",pun,ape,"pun,ape",29.6,29.6,415,
COY,NOR,"COY,NOR",coy,ads,"coy,ads",45.3,45.3,338,
NOM,DIG,"NOM,DIG",cut,dig,"cut,dig",31.7,31.7,322,
EAR,JAM,"EAR,JAM",lye,tot,"lye,tot",33.5,33.5,310,
COY,ART,"COY,ART",coy,art,"coy,art",30,30,344,
EYE,SUN,"EYE,SUN",pun,tom,"pun,tom",30.2,30.2,414,
FAX,AIR,"FAX,AIR",the,air,"the,air",33.5,33.5,264,
ZAP,OLD,"ZAP,OLD",cue,hen,"cue,hen",40.7,40.7,170,
YES,WET,"YES,WET",tab,poi,"tab,poi",51.4,51.4,108,
NAN,MOP,"NAN,MOP",tad,ass,"tad,ass",33.2,33.2,104,
BED,DOG,"BED,DOG",lip,dog,"lip,dog",34,34,373,
GAL,RAD,"GAL,RAD",mag,rad,"mag,rad",29,29,384,
DUI,HIT,"DUI,HIT",pix,hit,"pix,hit",29.3,29.3,392,
NOR,WIG,"NOR,WIG",ads,two,"ads,two",30.7,30.7,351,1
TRY,LAM,"TRY,LAM",try,ram,"try,ram",31.1,31.1,87,
ADO,TOY,"ADO,TOY",ado,toy,"ado,toy",31.8,31.8,71,1
NOR,FIG,"NOR,FIG",ads,hat,"ads,hat",31.9,31.9,349,1
YAK,FIG,"YAK,FIG",til,hat,"til,hat",31.1,31.1,301,
FIX,GAS,"FIX,GAS",pet,ape,"pet,ape",32.6,32.6,239,
DUI,SKY,"DUI,SKY",pix,hew,"pix,hew",30.5,30.5,389,
RUM,FEW,"RUM,FEW",gnu,has,"gnu,has",31.2,31.2,359,
FIG,ART,"FIG,ART",hat,art,"hat,art",42.3,42.3,352,
HIT,DIG,"HIT,DIG",hit,dig,"hit,dig",34.2,34.2,393,
PLY,NAN,"PLY,NAN",ply,tad,"ply,tad",49.1,49.1,44,
TAX,OAR,"TAX,OAR",tax,hey,"tax,hey",35.2,35.2,333,
OLD,HOT,"OLD,HOT",hen,hog,"hen,hog",39,39,173,
ACE,FIX,"ACE,FIX",ace,pet,"ace,pet",51.4,51.4,210,1
GOO,ALL,"GOO,ALL",goo,all,"goo,all",34,34,294,
RUM,SHY,"RUM,SHY",gnu,dib,"gnu,dib",40.2,40.2,362,
GIN,TAX,"GIN,TAX",gin,tax,"gin,tax",51.4,51.4,198,
MAD,CHI,"MAD,CHI",mad,ran,"mad,ran",31.2,31.2,376,
ELF,GAL,"ELF,GAL",tan,mag,"tan,mag",32.5,32.5,270,
FEW,GAL,"FEW,GAL",has,mag,"has,mag",30.8,30.8,383,
NOR,KEY,"NOR,KEY",ads,man,"ads,man",30.9,30.9,347,1
TAX,SAY,"TAX,SAY",tax,top,"tax,top",44.1,44.1,330,
GIG,EVE,"GIG,EVE",gig,had,"gig,had",33.5,33.5,95,
COY,BED,"COY,BED",coy,lip,"coy,lip",48,48,337,
RUG,FOR,"RUG,FOR",log,maw,"log,maw",31.3,31.3,399,
BED,MAD,"BED,MAD",lip,mad,"lip,mad",32.3,32.3,371,
DUI,TUB,"DUI,TUB",pix,tub,"pix,tub",30.3,30.3,390,
ICE,MAD,"ICE,MAD",dew,mad,"dew,mad",31.6,31.6,375,
BED,SAY,"BED,SAY",lip,top,"lip,top",43.6,43.6,368,
ALL,EGG,"ALL,EGG",all,rat,"all,rat",33.6,33.6,403,
LUG,TAR,"LUG,TAR",lug,tar,"lug,tar",48.4,48.4,417,
YES,ACE,"YES,ACE",tab,ace,"tab,ace",44.3,44.3,110,
ELF,WAR,"ELF,WAR",tan,pow,"tan,pow",33.4,33.4,274,
NOR,ELK,"NOR,ELK",ads,pit,"ads,pit",47.9,47.9,346,1
NOR,KIT,"NOR,KIT",ads,any,"ads,any",40.5,40.5,348,1
ZOO,WAS,"ZOO,WAS",are,hid,"are,hid",35.2,35.2,313,
GIN,BED,"GIN,BED",gin,lip,"gin,lip",49.9,49.9,199,
ERA,NIL,"ERA,NIL",aby,tea,"aby,tea",42.8,42.8,22,1
FIX,EYE,"FIX,EYE",pet,pun,"pet,pun",34.2,34.2,236,
COY,ELK,"COY,ELK",coy,pit,"coy,pit",48.7,48.7,340,
DRY,SHY,"DRY,SHY",dry,dib,"dry,dib",45.7,45.7,288,
ACE,SUN,"ACE,SUN",ace,tom,"ace,tom",32.5,32.5,218,1
ART,KIT,"ART,KIT",art,any,"art,any",47.3,47.3,355,
TAX,DAY,"TAX,DAY",tax,day,"tax,day",44.6,44.6,327,
COY,CHI,"COY,CHI",coy,ran,"coy,ran",33.4,33.4,343,
DUI,GUN,"DUI,GUN",pix,gun,"pix,gun",47.6,47.6,386,
IRE,EVE,"IRE,EVE",den,had,"den,had",43.1,43.1,117,
VOW,ZZZ,"VOW,ZZZ",dab,ark,"dab,ark",34.1,34.1,147,
IVY,LUG,"IVY,LUG",guy,lug,"guy,lug",48.5,48.5,405,
JUG,AHI,"JUG,AHI",ant,tug,"ant,tug",41.7,41.7,53,
PIG,EGG,"PIG,EGG",pig,rat,"pig,rat",34.4,34.4,250,
BUG,NOR,"BUG,NOR",tap,ads,"tap,ads",49.4,49.4,178,
DUI,SUN,"DUI,SUN",pix,tom,"pix,tom",31.2,31.2,391,
NIL,ADO,"NIL,ADO",tea,ado,"tea,ado",42.3,42.3,33,
ERA,GIG,"ERA,GIG",aby,gig,"aby,gig",52.1,52.1,24,1
ASH,ART,"ASH,ART",mid,art,"mid,art",39.3,39.3,197,
NAY,BOA,"NAY,BOA",asp,tie,"asp,tie",36.2,36.2,141,
GIG,YES,"GIG,YES",gig,tab,"gig,tab",50,50,88,
ART,MAD,"ART,MAD",art,mad,"art,mad",38.1,38.1,354,
REF,SHY,"REF,SHY",lob,dib,"lob,dib",37.1,37.1,137,
RUG,WOW,"RUG,WOW",log,abs,"log,abs",50.4,50.4,395,
WAS,PHI,"WAS,PHI",hid,quo,"hid,quo",28.5,28.5,465,
ACE,POP,"ACE,POP",ace,pop,"ace,pop",33.4,33.4,216,1
ODD,KEG,"ODD,KEG",dug,mob,"dug,mob",31.2,31.2,428,
TAR,KEG,"TAR,KEG",tar,mob,"tar,mob",32.4,32.4,461,
INK,ALA,"INK,ALA",pub,tip,"pub,tip",28.4,28.4,488,
LUG,ODD,"LUG,ODD",lug,dug,"lug,dug",32.9,32.9,425,
DUI,DIG,"DUI,DIG",pix,dig,"pix,dig",31.5,31.5,388,
FAN,FUN,"FAN,FUN",tow,him,"tow,him",32.6,32.6,152,
IVY,EYE,"IVY,EYE",guy,pun,"guy,pun",33.3,33.3,413,
ALL,SAD,"ALL,SAD",all,did,"all,did",37.2,37.2,404,
AGO,ALA,"AGO,ALA",ago,tip,"ago,tip",25.9,25.9,431,1
DAY,PAW,"DAY,PAW",day,put,"day,put",29.1,29.1,440,
SAD,KEY,"SAD,KEY",did,man,"did,man",29.8,29.8,499,
BIO,RAD,"BIO,RAD",hem,rad,"hem,rad",31.4,31.4,476,
RUG,ALL,"RUG,ALL",log,all,"log,all",31.8,31.8,402,
SOY,RIB,"SOY,RIB",low,dim,"low,dim",32.4,32.4,21,
TAX,WIZ,"TAX,WIZ",tax,due,"tax,due",36,36,334,
HOW,PIE,"HOW,PIE",cry,pie,"cry,pie",42.6,42.6,222,
TAR,JAR,"TAR,JAR",tar,aft,"tar,aft",47,47,457,
BED,CHI,"BED,CHI",lip,ran,"lip,ran",32.7,32.7,369,
LIE,OLD,"LIE,OLD",lie,hen,"lie,hen",34.9,34.9,128,
DAY,SAY,"DAY,SAY",day,top,"day,top",28.6,28.6,441,
WAS,KEG,"WAS,KEG",hid,mob,"hid,mob",29.2,29.2,464,
GUT,MAY,"GUT,MAY",gut,may,"gut,may",31.4,31.4,482,
POP,EYE,"POP,EYE",pop,pun,"pop,pun",32.8,32.8,242,
DAY,ZIG,"DAY,ZIG",day,arc,"day,arc",29.8,29.8,439,
GUT,HEX,"GUT,HEX",gut,hex,"gut,hex",31.5,31.5,484,
NOM,HIT,"NOM,HIT",cut,hit,"cut,hit",34.6,34.6,318,
ASH,HAM,"ASH,HAM",mid,ham,"mid,ham",42.3,42.3,196,
SPY,WHO,"SPY,WHO",lot,pod,"lot,pod",48.7,48.7,469,
ERA,PLY,"ERA,PLY",aby,ply,"aby,ply",54.9,54.9,23,1
EAR,WAS,"EAR,WAS",lye,hid,"lye,hid",35.4,35.4,305,
JAM,ZOO,"JAM,ZOO",tot,are,"tot,are",35.4,35.4,311,
OIL,RUM,"OIL,RUM",cub,gnu,"cub,gnu",56.6,56.6,279,
ADO,NAY,"ADO,NAY",ado,asp,"ado,asp",34,34,74,1
WOW,SAD,"WOW,SAD",abs,did,"abs,did",35,35,496,1
BUG,LAX,"BUG,LAX",tap,pew,"tap,pew",55.2,55.2,175,
NOM,JOY,"NOM,JOY",cut,and,"cut,and",35.1,35.1,319,
GEL,PHI,"GEL,PHI",men,quo,"men,quo",35.3,35.3,509,
VOW,TAX,"VOW,TAX",dab,tax,"dab,tax",53.4,53.4,145,
SPY,JOY,"SPY,JOY",lot,and,"lot,and",35.7,35.7,471,
AGO,MIX,"AGO,MIX",ago,mix,"ago,mix",36.6,36.6,433,1
TAX,MOM,"TAX,MOM",tax,pen,"tax,pen",56.1,56.1,328,
TAX,ZIG,"TAX,ZIG",tax,arc,"tax,arc",34.6,34.6,332,
ADO,WAR,"ADO,WAR",ado,pow,"ado,pow",34.9,34.9,72,1
GIN,ICE,"GIN,ICE",gin,dew,"gin,dew",35.3,35.3,202,
TAU,ACT,"TAU,ACT",aid,act,"aid,act",42.6,42.6,56,
BUG,COY,"BUG,COY",tap,coy,"tap,coy",47.7,47.7,177,
DAY,CUP,"DAY,CUP",day,cup,"day,cup",45.7,45.7,438,
KEY,WIG,"KEY,WIG",man,two,"man,two",38.7,38.7,501,
NIL,EON,"NIL,EON",tea,mic,"tea,mic",41.2,41.2,41,
GOO,YAK,"GOO,YAK",goo,til,"goo,til",33.9,33.9,295,
FOG,OLD,"FOG,OLD",mat,hen,"mat,hen",42.5,42.5,64,
PIG,RUG,"PIG,RUG",pig,log,"pig,log",49.3,49.3,243,
BUG,ASH,"BUG,ASH",tap,mid,"tap,mid",36.7,36.7,180,
DUI,TAG,"DUI,TAG",pix,tag,"pix,tag",42.4,42.4,387,
GOO,RUG,"GOO,RUG",goo,log,"goo,log",46.5,46.5,290,
BUG,GOO,"BUG,GOO",tap,goo,"tap,goo",53.2,53.2,176,
WOW,HIP,"WOW,HIP",abs,hip,"abs,hip",35.7,35.7,494,1
SPY,BIO,"SPY,BIO",lot,hem,"lot,hem",36.7,36.7,475,
BED,AGE,"BED,AGE",lip,age,"lip,age",45.5,45.5,366,
EGG,FOR,"EGG,FOR",rat,maw,"rat,maw",38.8,38.8,455,
ACE,EON,"ACE,EON",ace,mic,"ace,mic",41.3,41.3,217,1
SPY,NIX,"SPY,NIX",lot,tee,"lot,tee",57.2,57.2,467,
AGO,OAR,"AGO,OAR",ago,hey,"ago,hey",33.5,33.5,432,1
PIG,JAM,"PIG,JAM",pig,tot,"pig,tot",34.9,34.9,247,
TAU,LIE,"TAU,LIE",aid,lie,"aid,lie",52.9,52.9,57,
DAD,FOR,"DAD,FOR",dad,maw,"dad,maw",35.8,35.8,448,
SAY,PAW,"SAY,PAW",top,put,"top,put",36.9,36.9,443,
WET,NOM,"WET,NOM",poi,cut,"poi,cut",46.9,46.9,157,
IRE,MAC,"IRE,MAC",den,mac,"den,mac",38.5,38.5,118,
ICE,SAY,"ICE,SAY",dew,top,"dew,top",40.3,40.3,374,
LAW,IRE,"LAW,IRE",cot,den,"cot,den",39.1,39.1,8,
WIZ,SAY,"WIZ,SAY",due,top,"due,top",42.6,42.6,336,
OLD,LAB,"OLD,LAB",hen,mod,"hen,mod",43.8,43.8,174,
EAR,DAD,"EAR,DAD",lye,dad,"lye,dad",54.1,54.1,302,
NOM,BRO,"NOM,BRO",cut,rag,"cut,rag",35.5,35.5,320,
BUG,FIG,"BUG,FIG",tap,hat,"tap,hat",36,36,181,
ACE,NOM,"ACE,NOM",ace,cut,"ace,cut",54.7,54.7,209,1
ZZZ,WIZ,"ZZZ,WIZ",ark,due,"ark,due",35.3,35.3,208,
PIG,ALL,"PIG,ALL",pig,all,"pig,all",35.6,35.6,248,
FIX,COW,"FIX,COW",pet,cow,"pet,cow",52.4,52.4,231,
PLY,JOB,"PLY,JOB",ply,pug,"ply,pug",35.9,35.9,51,
AHI,EON,"AHI,EON",tug,mic,"tug,mic",37.3,37.3,119,
RUM,MAY,"RUM,MAY",gnu,may,"gnu,may",32.5,32.5,361,
BED,PAW,"BED,PAW",lip,put,"lip,put",43,43,370,
GUT,WAX,"GUT,WAX",gut,sup,"gut,sup",50,50,481,
RUG,DAD,"RUG,DAD",log,dad,"log,dad",48.8,48.8,396,
FLY,ALA,"FLY,ALA",mar,tip,"mar,tip",37.1,37.1,435,
TAX,AGO,"TAX,AGO",tax,ago,"tax,ago",39.7,39.7,326,
GUT,MIX,"GUT,MIX",gut,mix,"gut,mix",31.2,31.2,483,
GIN,DAY,"GIN,DAY",gin,day,"gin,day",44.2,44.2,200,
PIG,DAD,"PIG,DAD",pig,dad,"pig,dad",50.2,50.2,246,
GIG,LIE,"GIG,LIE",gig,lie,"gig,lie",55.5,55.5,89,
PRO,YAK,"PRO,YAK",pro,til,"pro,til",35,35,299,
ELF,RAD,"ELF,RAD",tan,rad,"tan,rad",35.1,35.1,272,
TAR,YAY,"TAR,YAY",tar,got,"tar,got",49.1,49.1,458,
PLY,FUN,"PLY,FUN",ply,him,"ply,him",37,37,49,
DRY,FLY,"DRY,FLY",dry,mar,"dry,mar",39.5,39.5,289,
NIL,WET,"NIL,WET",tea,poi,"tea,poi",44.9,44.9,34,
SHY,INK,"SHY,INK",dib,pub,"dib,pub",39.3,39.3,364,
RUM,PIE,"RUM,PIE",gnu,pie,"gnu,pie",41.4,41.4,356,
DAD,ROB,"DAD,ROB",dad,din,"dad,din",34.2,34.2,449,
GUN,ASK,"GUN,ASK",gun,ask,"gun,ask",34.2,34.2,518,
SKY,FOX,"SKY,FOX",hew,max,"hew,max",28.2,28.2,565,
TUB,ASK,"TUB,ASK",tub,ask,"tub,ask",28.8,28.8,566,
AGE,CHI,"AGE,CHI",age,ran,"age,ran",32.5,32.5,531,1
NAN,ZZZ,"NAN,ZZZ",tad,ark,"tad,ark",33.5,33.5,102,
JAR,HAY,"JAR,HAY",aft,hay,"aft,hay",29.1,29.1,610,1
JOY,DIG,"JOY,DIG",and,dig,"and,dig",30.3,30.3,521,
MOM,EGO,"MOM,EGO",pen,rap,"pen,rap",30.9,30.9,552,
IVY,FOX,"IVY,FOX",guy,max,"guy,max",33.3,33.3,412,
JAR,WIN,"JAR,WIN",aft,dud,"aft,dud",30.5,30.5,609,1
CUP,FLU,"CUP,FLU",cup,map,"cup,map",30.8,30.8,590,
ELK,USE,"ELK,USE",pit,toe,"pit,toe",31.6,31.6,539,
GIG,MAC,"GIG,MAC",gig,mac,"gig,mac",33.5,33.5,92,
CHI,DOG,"CHI,DOG",ran,dog,"ran,dog",29.7,29.7,532,
SIP,MAY,"SIP,MAY",ail,may,"ail,may",30.7,30.7,546,
MOM,MIX,"MOM,MIX",pen,mix,"pen,mix",30.9,30.9,551,
GIN,ZZZ,"GIN,ZZZ",gin,ark,"gin,ark",32.6,32.6,203,
TAG,ORC,"TAG,ORC",tag,ale,"tag,ale",30.6,30.6,562,
AGE,DOG,"AGE,DOG",age,dog,"age,dog",31.4,31.4,528,1
ADO,HOW,"ADO,HOW",ado,cry,"ado,cry",46.6,46.6,66,1
RAD,OVA,"RAD,OVA",rad,met,"rad,met",34.2,34.2,478,
ZAP,PIG,"ZAP,PIG",cue,pig,"cue,pig",44.8,44.8,165,
GUN,WHO,"GUN,WHO",gun,pod,"gun,pod",51.5,51.5,513,
WOW,NEW,"WOW,NEW",abs,ten,"abs,ten",33.2,33.2,498,1
LAW,TAU,"LAW,TAU",cot,aid,"cot,aid",40.8,40.8,5,
TAG,BOY,"TAG,BOY",tag,tic,"tag,tic",33.8,33.8,561,
WOW,COP,"WOW,COP",abs,cop,"abs,cop",43.3,43.3,492,1
FLY,OAR,"FLY,OAR",mar,hey,"mar,hey",48.5,48.5,436,
BED,CUP,"BED,CUP",lip,cup,"lip,cup",49.3,49.3,367,
TAG,TUB,"TAG,TUB",tag,tub,"tag,tub",33.7,33.7,560,
GUN,OFF,"GUN,OFF",gun,add,"gun,add",42.7,42.7,514,
SEX,PHI,"SEX,PHI",loo,quo,"loo,quo",31.4,31.4,506,
TAR,SAW,"TAR,SAW",tar,die,"tar,die",32.5,32.5,463,
TUX,PAY,"TUX,PAY",dip,pup,"dip,pup",30.5,30.5,604,
JAR,PAY,"JAR,PAY",aft,pup,"aft,pup",31,31,611,1
GOO,NOR,"GOO,NOR",goo,ads,"goo,ads",45.7,45.7,291,
OVA,LEG,"OVA,LEG",met,doe,"met,doe",34.6,34.6,570,
ETA,CIS,"ETA,CIS",git,pic,"git,pic",45.3,45.3,595,
COY,AGE,"COY,AGE",coy,age,"coy,age",46.2,46.2,339,
GOO,KEY,"GOO,KEY",goo,man,"goo,man",34.4,34.4,297,
TAR,SEX,"TAR,SEX",tar,loo,"tar,loo",45.1,45.1,456,
DAD,SEX,"DAD,SEX",dad,loo,"dad,loo",50.4,50.4,444,
SEX,AMP,"SEX,AMP",loo,amp,"loo,amp",33,33,508,
CUP,HUG,"CUP,HUG",cup,gum,"cup,gum",42.2,42.2,585,
ADO,ELF,"ADO,ELF",ado,tan,"ado,tan",51.9,51.9,69,1
GAS,ODD,"GAS,ODD",ape,dug,"ape,dug",33.1,33.1,426,
JUG,MOP,"JUG,MOP",ant,ass,"ant,ass",40.6,40.6,54,
VOW,GIN,"VOW,GIN",dab,gin,"dab,gin",49,49,144,
GOO,SAD,"GOO,SAD",goo,did,"goo,did",33.8,33.8,296,
SOY,ACT,"SOY,ACT",low,act,"low,act",42.8,42.8,15,
COW,EAR,"COW,EAR",cow,lye,"cow,lye",52.3,52.3,255,
SIP,HEX,"SIP,HEX",ail,hex,"ail,hex",33.1,33.1,545,
TOY,EON,"TOY,EON",toy,mic,"toy,mic",40.2,40.2,164,
NOM,GUN,"NOM,GUN",cut,gun,"cut,gun",46.8,46.8,316,
MOO,EGG,"MOO,EGG",dot,rat,"dot,rat",34.2,34.2,453,
TAG,CIS,"TAG,CIS",tag,pic,"tag,pic",44.6,44.6,557,
LAX,ART,"LAX,ART",pew,art,"pew,art",46.1,46.1,192,
PIG,PRO,"PIG,PRO",pig,pro,"pig,pro",34.5,34.5,252,
LUG,JAR,"LUG,JAR",lug,aft,"lug,aft",45.1,45.1,419,
JAR,YAY,"JAR,YAY",aft,got,"aft,got",44.6,44.6,606,1
SPY,LEG,"SPY,LEG",lot,doe,"lot,doe",34.9,34.9,472,
GIG,COW,"GIG,COW",gig,cow,"gig,cow",46,46,90,
SOY,TAU,"SOY,TAU",low,aid,"low,aid",53.7,53.7,13,
LUG,GAS,"LUG,GAS",lug,ape,"lug,ape",32.6,32.6,422,
GEL,ROB,"GEL,ROB",men,din,"men,din",39.3,39.3,510,
SOY,PLY,"SOY,PLY",low,ply,"low,ply",53.4,53.4,12,
LAX,ICE,"LAX,ICE",pew,dew,"pew,dew",32.7,32.7,191,
ZIG,OAR,"ZIG,OAR",arc,hey,"arc,hey",39.5,39.5,580,
OIL,SHY,"OIL,SHY",cub,dib,"cub,dib",41,41,285,
NIX,OVA,"NIX,OVA",tee,met,"tee,met",35.8,35.8,568,
SOY,LAW,"SOY,LAW",low,cot,"low,cot",48.8,48.8,2,
LIE,PIG,"LIE,PIG",lie,pig,"lie,pig",54.9,54.9,120,
RUG,HIP,"RUG,HIP",log,hip,"log,hip",32,32,400,
RIB,IRE,"RIB,IRE",dim,den,"dim,den",38.8,38.8,32,
SPY,GUN,"SPY,GUN",lot,gun,"lot,gun",49.1,49.1,468,
REF,FUN,"REF,FUN",lob,him,"lob,him",33.7,33.7,136,
OAR,MIX,"OAR,MIX",hey,mix,"hey,mix",42.8,42.8,582,
NOR,ART,"NOR,ART",ads,art,"ads,art",43.4,43.4,350,1
WOW,WIG,"WOW,WIG",abs,two,"abs,two",35.8,35.8,493,1
RUG,GET,"RUG,GET",log,get,"log,get",46.4,46.4,397,
DIG,TUB,"DIG,TUB",dig,tub,"dig,tub",30.7,30.7,523,
AGE,BAR,"AGE,BAR",age,tin,"age,tin",31.1,31.1,530,1
SEX,ROB,"SEX,ROB",loo,din,"loo,din",31.7,31.7,505,
GAS,TUX,"GAS,TUX",ape,dip,"ape,dip",31.9,31.9,427,
LAX,BED,"LAX,BED",pew,lip,"pew,lip",43.7,43.7,190,
SKY,TUB,"SKY,TUB",hew,tub,"hew,tub",35.6,35.6,564,
DUI,IVY,"DUI,IVY",pix,guy,"pix,guy",46.3,46.3,385,
PIG,GOO,"PIG,GOO",pig,goo,"pig,goo",52.9,52.9,245,
TAR,WAS,"TAR,WAS",tar,hid,"tar,hid",32.9,32.9,462,
LAW,OLD,"LAW,OLD",cot,hen,"cot,hen",39.8,39.8,7,
COW,TAR,"COW,TAR",cow,tar,"cow,tar",45.4,45.4,257,
FIX,AIR,"FIX,AIR",pet,air,"pet,air",34.7,34.7,237,
WOW,USE,"WOW,USE",abs,toe,"abs,toe",45.5,45.5,495,1
MAY,HEX,"MAY,HEX",may,hex,"may,hex",35.6,35.6,547,
HOW,ELF,"HOW,ELF",cry,tan,"cry,tan",41,41,223,
DAD,CAB,"DAD,CAB",dad,pin,"dad,pin",49,49,446,
TAX,GYM,"TAX,GYM",tax,gym,"tax,gym",54.2,54.2,329,
COY,KIT,"COY,KIT",coy,any,"coy,any",32.3,32.3,342,
PAW,DOG,"PAW,DOG",put,dog,"put,dog",39.1,39.1,591,
PHI,SAW,"PHI,SAW",quo,die,"quo,die",44.9,44.9,511,
COW,ZOO,"COW,ZOO",cow,are,"cow,are",35,35,259,
GIG,FIX,"GIG,FIX",gig,pet,"gig,pet",45.7,45.7,91,
AGE,SIR,"AGE,SIR",age,lop,"age,lop",44.1,44.1,526,1
CHI,KIT,"CHI,KIT",ran,any,"ran,any",35.4,35.4,533,
RUM,GUT,"RUM,GUT",gnu,gut,"gnu,gut",46.1,46.1,358,
CUP,SIR,"CUP,SIR",cup,lop,"cup,lop",49.6,49.6,584,
DAD,EGG,"DAD,EGG",dad,rat,"dad,rat",33.6,33.6,450,
GYM,OAR,"GYM,OAR",gym,hey,"gym,hey",42.4,42.4,576,
JAR,BAM,"JAR,BAM",aft,lit,"aft,lit",44.8,44.8,607,1
GIG,FAX,"GIG,FAX",gig,the,"gig,the",35,35,93,
NIL,YES,"NIL,YES",tea,tab,"tea,tab",45.8,45.8,35,
GYM,PAW,"GYM,PAW",gym,put,"gym,put",43.5,43.5,577,
PLY,MOP,"PLY,MOP",ply,ass,"ply,ass",35.7,35.7,46,
IVY,ETA,"IVY,ETA",guy,git,"guy,git",46.4,46.4,407,
PIE,SPY,"PIE,SPY",pie,lot,"pie,lot",46.3,46.3,378,
ZIG,PAW,"ZIG,PAW",arc,put,"arc,put",34.4,34.4,581,
AGE,CUP,"AGE,CUP",age,cup,"age,cup",45,45,524,1
GYM,CUP,"GYM,CUP",gym,cup,"gym,cup",51.1,51.1,571,
BUG,ART,"BUG,ART",tap,art,"tap,art",33.3,33.3,182,
ACT,HAM,"ACT,HAM",act,ham,"act,ham",41.1,41.1,84,1
JAR,WHY,"JAR,WHY",aft,hoe,"aft,hoe",32.1,32.1,612,1
COW,FAX,"COW,FAX",cow,the,"cow,the",32.6,32.6,263,
AIM,EGO,"AIM,EGO",aim,rap,"aim,rap",29.6,29.6,684,
BAR,FLU,"BAR,FLU",tin,map,"tin,map",31.1,31.1,674,
CIS,BOY,"CIS,BOY",pic,tic,"pic,tic",31.1,31.1,666,
FAN,ZZZ,"FAN,ZZZ",tow,ark,"tow,ark",32.3,32.3,153,
BAH,WIN,"BAH,WIN",pot,dud,"pot,dud",29.6,29.6,689,
TAG,SKY,"TAG,SKY",tag,hew,"tag,hew",32.4,32.4,563,
BOX,EGO,"BOX,EGO",mit,rap,"mit,rap",29.8,29.8,685,
DOG,BAR,"DOG,BAR",dog,tin,"dog,tin",31.5,31.5,593,
CUP,PAW,"CUP,PAW",cup,put,"cup,put",31.9,31.9,588,
ELK,KIT,"ELK,KIT",pit,any,"pit,any",32.3,32.3,540,
VOW,FUN,"VOW,FUN",dab,him,"dab,him",35,35,150,
BED,DAY,"BED,DAY",lip,day,"lip,day",43.4,43.4,365,
GYM,HUG,"GYM,HUG",gym,gum,"gym,gum",47.2,47.2,573,
MOM,WAX,"MOM,WAX",pen,sup,"pen,sup",49.2,49.2,549,
LIE,HOT,"LIE,HOT",lie,hog,"lie,hog",36.3,36.3,124,
SEX,SAW,"SEX,SAW",loo,die,"loo,die",40.1,40.1,504,
ETA,FOX,"ETA,FOX",git,max,"git,max",33.5,33.5,599,
MOO,GEL,"MOO,GEL",dot,men,"dot,men",34,34,454,
ROB,OAK,"ROB,OAK",din,her,"din,her",28.3,28.3,630,
COP,USE,"COP,USE",cop,toe,"cop,toe",29.6,29.6,632,
BAM,BAH,"BAM,BAH",lit,pot,"lit,pot",36.3,36.3,686,
ELK,TAT,"ELK,TAT",pit,tat,"pit,tat",43,43,536,
HOW,RUM,"HOW,RUM",cry,gnu,"cry,gnu",46.3,46.3,221,
OFF,ASK,"OFF,ASK",add,ask,"add,ask",30.2,30.2,650,1
ETA,PAY,"ETA,PAY",git,pup,"git,pup",33.6,33.6,598,
COP,NEW,"COP,NEW",cop,ten,"cop,ten",30.6,30.6,633,
HUG,VAN,"HUG,VAN",gum,his,"gum,his",31,31,678,
NAN,LAX,"NAN,LAX",tad,pew,"tad,pew",50.4,50.4,98,
SIR,ONO,"SIR,ONO",lop,pry,"lop,pry",35.8,35.8,671,
KIT,WIG,"KIT,WIG",any,two,"any,two",39.4,39.4,541,
SEX,YAY,"SEX,YAY",loo,got,"loo,got",54.4,54.4,502,
WHO,LEG,"WHO,LEG",pod,doe,"pod,doe",34.8,34.8,642,
AGE,ONO,"AGE,ONO",age,pry,"age,pry",36.5,36.5,529,1
TAX,FLY,"TAX,FLY",tax,mar,"tax,mar",32.9,32.9,331,
DAY,GYM,"DAY,GYM",day,gym,"day,gym",43.4,43.4,437,
IVY,TAG,"IVY,TAG",guy,tag,"guy,tag",49.4,49.4,406,
WOW,GET,"WOW,GET",abs,get,"abs,get",54.3,54.3,491,1
LIE,ZOO,"LIE,ZOO",lie,are,"lie,are",34.8,34.8,129,
YAY,AMP,"YAY,AMP",got,amp,"got,amp",36.5,36.5,637,
PLY,REF,"PLY,REF",ply,lob,"ply,lob",52.6,52.6,42,
EAR,ZOO,"EAR,ZOO",lye,are,"lye,are",35.3,35.3,307,
AGO,MOM,"AGO,MOM",ago,pen,"ago,pen",37.7,37.7,430,1
AGO,FLY,"AGO,FLY",ago,mar,"ago,mar",35.3,35.3,434,1
TAT,USE,"TAT,USE",tat,toe,"tat,toe",43.2,43.2,661,
KIT,ONO,"KIT,ONO",any,pry,"any,pry",47.1,47.1,542,
SIR,HUG,"SIR,HUG",lop,gum,"lop,gum",55.8,55.8,669,
LUG,TUX,"LUG,TUX",lug,dip,"lug,dip",34.5,34.5,420,
GET,NEW,"GET,NEW",get,ten,"get,ten",35.4,35.4,618,
DAD,GET,"DAD,GET",dad,get,"dad,get",55.7,55.7,445,
DUH,HAM,"DUH,HAM",duh,ham,"duh,ham",34.5,34.5,107,
WAX,AIM,"WAX,AIM",sup,aim,"sup,aim",35.4,35.4,655,
BOY,ORC,"BOY,ORC",tic,ale,"tic,ale",33.3,33.3,667,
ELF,NOM,"ELF,NOM",tan,cut,"tan,cut",43.2,43.2,268,
CAB,YAY,"CAB,YAY",pin,got,"pin,got",49.1,49.1,625,
FIX,LUG,"FIX,LUG",pet,lug,"pet,lug",45.3,45.3,232,
AMP,SAW,"AMP,SAW",amp,die,"amp,die",38.6,38.6,639,
MIX,AIM,"MIX,AIM",mix,aim,"mix,aim",41.7,41.7,658,
TAG,ETA,"TAG,ETA",tag,git,"tag,git",51.5,51.5,555,
DAD,OAK,"DAD,OAK",dad,her,"dad,her",35.7,35.7,452,
WIG,USE,"WIG,USE",two,toe,"two,toe",38.4,38.4,543,
YAY,BAM,"YAY,BAM",got,lit,"got,lit",56.7,56.7,635,
FLU,VAN,"FLU,VAN",map,his,"map,his",34.4,34.4,679,
HAY,WIN,"HAY,WIN",hay,dud,"hay,dud",34.5,34.5,690,
SPY,RAD,"SPY,RAD",lot,rad,"lot,rad",33,33,474,
NOM,DUI,"NOM,DUI",cut,pix,"cut,pix",43.3,43.3,315,
EAR,SEX,"EAR,SEX",lye,loo,"lye,loo",49.4,49.4,304,
WOW,ELK,"WOW,ELK",abs,pit,"abs,pit",58.5,58.5,490,1
LUG,WHY,"LUG,WHY",lug,hoe,"lug,hoe",32.7,32.7,423,
JOY,RAW,"JOY,RAW",and,too,"and,too",34.4,34.4,522,
COP,TAT,"COP,TAT",cop,tat,"cop,tat",50.2,50.2,631,
YAY,HAY,"YAY,HAY",got,hay,"got,hay",36,36,636,
PAW,VAN,"PAW,VAN",put,his,"put,his",39.5,39.5,592,
OIL,TAX,"OIL,TAX",cub,tax,"cub,tax",53.4,53.4,280,
HIP,NEW,"HIP,NEW",hip,ten,"hip,ten",35.1,35.1,624,
WHO,FRO,"WHO,FRO",pod,apt,"pod,apt",37.1,37.1,643,
PLY,VOW,"PLY,VOW",ply,dab,"ply,dab",54.1,54.1,45,
ACE,HIT,"ACE,HIT",ace,hit,"ace,hit",34.8,34.8,215,1
LIE,JAM,"LIE,JAM",lie,tot,"lie,tot",36.7,36.7,126,
PAY,WHY,"PAY,WHY",pup,hoe,"pup,hoe",30.6,30.6,613,
CAB,AMP,"CAB,AMP",pin,amp,"pin,amp",30.9,30.9,626,
CAB,OAK,"CAB,OAK",pin,her,"pin,her",31.4,31.4,627,
TUX,FOX,"TUX,FOX",dip,max,"dip,max",32.5,32.5,603,
GET,COP,"GET,COP",get,cop,"get,cop",48.2,48.2,616,
RAW,LEG,"RAW,LEG",too,doe,"too,doe",36.3,36.3,645,
WIZ,FLY,"WIZ,FLY",due,mar,"due,mar",41.1,41.1,335,
VAN,BOX,"VAN,BOX",his,mit,"his,mit",34.1,34.1,680,
MOM,GYM,"MOM,GYM",pen,gym,"pen,gym",44.3,44.3,548,
USE,ONO,"USE,ONO",toe,pry,"toe,pry",47.2,47.2,662,
BAM,HAY,"BAM,HAY",lit,hay,"lit,hay",35.5,35.5,687,
GIN,HAM,"GIN,HAM",gin,ham,"gin,ham",43.4,43.4,204,
NOR,WOW,"NOR,WOW",ads,abs,"ads,abs",46.8,46.8,345,1
GET,CAB,"GET,CAB",get,pin,"get,pin",45.6,45.6,617,
WAX,HEX,"WAX,HEX",sup,hex,"sup,hex",36.2,36.2,654,
SEX,CAB,"SEX,CAB",loo,pin,"loo,pin",43.7,43.7,503,
WHO,OFF,"WHO,OFF",pod,add,"pod,add",55.1,55.1,641,
YAY,SAW,"YAY,SAW",got,die,"got,die",34.8,34.8,638,
SPY,OVA,"SPY,OVA",lot,met,"lot,met",35.7,35.7,470,
GUN,TAG,"GUN,TAG",gun,tag,"gun,tag",54.4,54.4,512,
LID,EGO,"LID,EGO",lid,rap,"lid,rap",35,35,683,
GUN,TUB,"GUN,TUB",gun,tub,"gun,tub",36.2,36.2,516,
PLY,ADO,"PLY,ADO",ply,ado,"ply,ado",53.3,53.3,43,
TAG,FOX,"TAG,FOX",tag,max,"tag,max",34.9,34.9,559,
OIL,AGO,"OIL,AGO",cub,ago,"cub,ago",37.4,37.4,282,
EAR,TAR,"EAR,TAR",lye,tar,"lye,tar",50.3,50.3,303,
FUN,DRY,"FUN,DRY",him,dry,"him,dry",35.3,35.3,154,
SHY,FEW,"SHY,FEW",dib,has,"dib,has",40,40,363,
ELK,ONO,"ELK,ONO",pit,pry,"pit,pry",35.9,35.9,538,
GUT,SIP,"GUT,SIP",gut,ail,"gut,ail",43.5,43.5,479,
TAG,OFF,"TAG,OFF",tag,add,"tag,add",46.2,46.2,556,
OIL,GUT,"OIL,GUT",cub,gut,"cub,gut",52.6,52.6,281,
EAR,PHI,"EAR,PHI",lye,quo,"lye,quo",35,35,309,
HOW,SHY,"HOW,SHY",cry,dib,"cry,dib",38,38,227,
JAR,SAW,"JAR,SAW",aft,die,"aft,die",37.8,37.8,608,1
REF,OIL,"REF,OIL",lob,cub,"lob,cub",43.5,43.5,135,
ELK,COP,"ELK,COP",pit,cop,"pit,cop",44.3,44.3,535,
OFF,CIS,"OFF,CIS",add,pic,"add,pic",53.5,53.5,647,1
OFF,ORC,"OFF,ORC",add,ale,"add,ale",34.8,34.8,649,1
LIE,EVE,"LIE,EVE",lie,had,"lie,had",37.3,37.3,125,
GOO,WOW,"GOO,WOW",goo,abs,"goo,abs",51.8,51.8,292,
PAY,WIN,"PAY,WIN",pup,dud,"pup,dud",35.1,35.1,614,
NIX,LEG,"NIX,LEG",tee,doe,"tee,doe",38.7,38.7,569,
ETA,BAM,"ETA,BAM",git,lit,"git,lit",51.9,51.9,596,
LUG,KEG,"LUG,KEG",lug,mob,"lug,mob",34.5,34.5,421,
HEX,MIX,"HEX,MIX",hex,mix,"hex,mix",39.2,39.2,657,
WAX,MIX,"WAX,MIX",sup,mix,"sup,mix",44.6,44.6,656,
TAG,ASK,"TAG,ASK",tag,ask,"tag,ask",35.4,35.4,558,
ETA,JAR,"ETA,JAR",git,aft,"git,aft",45.6,45.6,594,
GUN,FRO,"GUN,FRO",gun,apt,"gun,apt",31.9,31.9,519,
ACT,LAX,"ACT,LAX",act,pew,"act,pew",39.8,39.8,80,1
SIP,WAX,"SIP,WAX",ail,sup,"ail,sup",53.9,53.9,544,
NAN,FAN,"NAN,FAN",tad,tow,"tad,tow",33.2,33.2,100,
ONO,BAR,"ONO,BAR",pry,tin,"pry,tin",39.7,39.7,673,
CIS,BAM,"CIS,BAM",pic,lit,"pic,lit",52.7,52.7,663,
NOM,SPY,"NOM,SPY",cut,lot,"cut,lot",54.5,54.5,314,
ETA,WIN,"ETA,WIN",git,dud,"git,dud",34.2,34.2,600,
TAT,ONO,"TAT,ONO",tat,pry,"tat,pry",36.9,36.9,660,
OAR,EGO,"OAR,EGO",hey,rap,"hey,rap",43.9,43.9,583,
DAD,MOO,"DAD,MOO",dad,dot,"dad,dot",35.2,35.2,451,
YES,FIX,"YES,FIX",tab,pet,"tab,pet",46.5,46.5,109,
TAT,SIR,"TAT,SIR",tat,lop,"tat,lop",45.9,45.9,659,
GYM,ZIG,"GYM,ZIG",gym,arc,"gym,arc",34.7,34.7,579,
RUM,SIP,"RUM,SIP",gnu,ail,"gnu,ail",45,45,357,
NIX,WHO,"NIX,WHO",tee,pod,"tee,pod",56.9,56.9,567,
COY,MAD,"COY,MAD",coy,mad,"coy,mad",33.5,33.5,341,
FOR,HIP,"FOR,HIP",maw,hip,"maw,hip",35.2,35.2,622,
AGE,ELK,"AGE,ELK",age,pit,"age,pit",44,44,525,1
ELF,DUB,"ELF,DUB",tan,dub,"tan,dub",35.3,35.3,273,
MOM,LID,"MOM,LID",pen,lid,"pen,lid",46.2,46.2,550,
BAM,WIN,"BAM,WIN",lit,dud,"lit,dud",34.4,34.4,688,
SAW,HAY,"SAW,HAY",die,hay,"die,hay",39.6,39.6,640,
GYM,LID,"GYM,LID",gym,lid,"gym,lid",51.6,51.6,572,
WAX,LID,"WAX,LID",sup,lid,"sup,lid",53.9,53.9,653,
GUT,ALA,"GUT,ALA",gut,tip,"gut,tip",34.1,34.1,485,
WHY,SAW,"WHY,SAW",hoe,die,"hoe,die",37.6,37.6,615,
AGO,GUT,"AGO,GUT",ago,gut,"ago,gut",39.8,39.8,429,1
JAM,MOO,"JAM,MOO",tot,dot,"tot,dot",35.6,35.6,312,
GUT,MOM,"GUT,MOM",gut,pen,"gut,pen",50.3,50.3,480,
HOW,BOA,"HOW,BOA",cry,tie,"cry,tie",32.9,32.9,226,
NIL,PLY,"NIL,PLY",tea,ply,"tea,ply",46.2,46.2,36,
PIE,NIX,"PIE,NIX",pie,tee,"pie,tee",46.6,46.6,377,
LAW,GIG,"LAW,GIG",cot,gig,"cot,gig",39.7,39.7,6,
ALA,MIX,"ALA,MIX",tip,mix,"tip,mix",39.9,39.9,489,
LAW,ERA,"LAW,ERA",cot,aby,"cot,aby",46.1,46.1,1,
SAY,ZIG,"SAY,ZIG",top,arc,"top,arc",34,34,442,
NEW,USE,"NEW,USE",ten,toe,"ten,toe",39.9,39.9,634,
HUG,LID,"HUG,LID",gum,lid,"gum,lid",51.7,51.7,675,
,,,,,,,26469.375,,